,Time Stamp,Sensor 1,Sensor 2,Sensor 3,Sensor 4
0,2023-03-31 10:44:59.891394,"(-131.0, 56.0, -170.0)","(-135.0, 221.0, -1.0)","(-52.0, 117.0, 132.0)","(-80.0, -160.0, 72.0)"
1,2023-03-31 10:44:59.905169,"(-150.0, 84.0, -185.0)","(-155.0, 242.0, -56.0)","(-24.0, 60.0, 111.0)","(-101.0, -190.0, 59.0)"
2,2023-03-31 10:44:59.919747,"(-117.0, 73.0, -184.0)","(-151.0, 230.0, -11.0)","(-64.0, 94.0, 109.0)","(-103.0, -189.0, 14.0)"
3,2023-03-31 10:44:59.931322,"(-115.0, 111.0, -160.0)","(-124.0, 255.0, -6.0)","(-67.0, 104.0, 136.0)","(-57.0, -219.0, 90.0)"
4,2023-03-31 10:44:59.954474,"(-152.0, 96.0, -164.0)","(-163.0, 237.0, -9.0)","(-19.0, 86.0, 95.0)","(-97.0, -190.0, 62.0)"
5,2023-03-31 10:44:59.966244,"(-128.0, 30.0, -198.0)","(-111.0, 233.0, 16.0)","(-94.0, 55.0, 130.0)","(-83.0, -218.0, 56.0)"
6,2023-03-31 10:44:59.979044,"(-121.0, 68.0, -198.0)","(-145.0, 237.0, -16.0)","(-88.0, 45.0, 96.0)","(-74.0, -217.0, 48.0)"
7,2023-03-31 10:45:00.002981,"(-126.0, 68.0, -208.0)","(-142.0, 207.0, -24.0)","(-87.0, 107.0, 135.0)","(-54.0, -189.0, 99.0)"
8,2023-03-31 10:45:00.017166,"(-150.0, 58.0, -184.0)","(-95.0, 226.0, -17.0)","(-93.0, 93.0, 70.0)","(-51.0, -176.0, 52.0)"
9,2023-03-31 10:45:00.030374,"(-170.0, 57.0, -148.0)","(-112.0, 254.0, -2.0)","(-50.0, 109.0, 112.0)","(-37.0, -159.0, 69.0)"
10,2023-03-31 10:45:00.042046,"(-122.0, 94.0, -168.0)","(-123.0, 204.0, -7.0)","(-81.0, 67.0, 119.0)","(-64.0, -211.0, 92.0)"
11,2023-03-31 10:45:00.066686,"(-130.0, 44.0, -170.0)","(-161.0, 231.0, -19.0)","(-27.0, 99.0, 132.0)","(-81.0, -147.0, 86.0)"
12,2023-03-31 10:45:00.080090,"(-159.0, 106.0, -200.0)","(-161.0, 235.0, -18.0)","(-53.0, 102.0, 71.0)","(-128.0, -186.0, 71.0)"
13,2023-03-31 10:45:00.093678,"(-149.0, 85.0, -192.0)","(-156.0, 233.0, -7.0)","(-65.0, 74.0, 78.0)","(-70.0, -166.0, 61.0)"
14,2023-03-31 10:45:00.107296,"(-163.0, 113.0, -174.0)","(-157.0, 200.0, -29.0)","(-75.0, 67.0, 105.0)","(-106.0, -194.0, 69.0)"
15,2023-03-31 10:45:00.120875,"(-170.0, 134.0, -180.0)","(-136.0, 208.0, 0.0)","(-61.0, 81.0, 106.0)","(-87.0, -160.0, 51.0)"
16,2023-03-31 10:45:00.144349,"(-116.0, 70.0, -181.0)","(-144.0, 214.0, -18.0)","(-73.0, 107.0, 117.0)","(-67.0, -210.0, 59.0)"
17,2023-03-31 10:45:00.156884,"(-145.0, 93.0, -189.0)","(-119.0, 244.0, -57.0)","(-51.0, 70.0, 143.0)","(-61.0, -170.0, 71.0)"
18,2023-03-31 10:45:00.169274,"(-88.0, 78.0, -171.0)","(-119.0, 199.0, 13.0)","(-55.0, 99.0, 114.0)","(-110.0, -203.0, 65.0)"
19,2023-03-31 10:45:00.193136,"(-149.0, 101.0, -174.0)","(-118.0, 228.0, -4.0)","(-91.0, 83.0, 117.0)","(-100.0, -171.0, 53.0)"
20,2023-03-31 10:45:00.205606,"(-100.0, 70.0, -171.0)","(-131.0, 212.0, -23.0)","(-77.0, 137.0, 120.0)","(-75.0, -134.0, 77.0)"
21,2023-03-31 10:45:00.218942,"(-129.0, 96.0, -204.0)","(-112.0, 223.0, -25.0)","(-41.0, 89.0, 141.0)","(-53.0, -166.0, 43.0)"
22,2023-03-31 10:45:00.231345,"(-143.0, 65.0, -153.0)","(-125.0, 219.0, -36.0)","(-15.0, 95.0, 126.0)","(-67.0, -194.0, 32.0)"
23,2023-03-31 10:45:00.255357,"(-151.0, 88.0, -133.0)","(-134.0, 221.0, -35.0)","(-63.0, 111.0, 124.0)","(-80.0, -197.0, 43.0)"
24,2023-03-31 10:45:00.267940,"(-165.0, 86.0, -166.0)","(-139.0, 249.0, 10.0)","(-69.0, 50.0, 125.0)","(-36.0, -175.0, 57.0)"
25,2023-03-31 10:45:00.280266,"(-114.0, 106.0, -166.0)","(-108.0, 256.0, -32.0)","(-39.0, 98.0, 118.0)","(-122.0, -208.0, 67.0)"
26,2023-03-31 10:45:00.304884,"(-146.0, 86.0, -167.0)","(-155.0, 237.0, -8.0)","(-88.0, 99.0, 135.0)","(-82.0, -154.0, 72.0)"
27,2023-03-31 10:45:00.316891,"(-126.0, 70.0, -188.0)","(-110.0, 221.0, -16.0)","(-74.0, 95.0, 145.0)","(-88.0, -167.0, 45.0)"
28,2023-03-31 10:45:00.328686,"(-129.0, 61.0, -173.0)","(-149.0, 255.0, -3.0)","(-64.0, 84.0, 77.0)","(-69.0, -191.0, 9.0)"
29,2023-03-31 10:45:00.353616,"(-184.0, 53.0, -155.0)","(-140.0, 209.0, -21.0)","(-44.0, 119.0, 109.0)","(-57.0, -186.0, 74.0)"
30,2023-03-31 10:45:00.365453,"(-150.0, 93.0, -174.0)","(-191.0, 221.0, -42.0)","(-30.0, 70.0, 81.0)","(-93.0, -193.0, 47.0)"
31,2023-03-31 10:45:00.377911,"(-101.0, 73.0, -198.0)","(-130.0, 216.0, 4.0)","(-60.0, 60.0, 118.0)","(-85.0, -221.0, 55.0)"
32,2023-03-31 10:45:00.389849,"(-115.0, 93.0, -213.0)","(-107.0, 217.0, -38.0)","(-66.0, 98.0, 109.0)","(-33.0, -208.0, 60.0)"
33,2023-03-31 10:45:00.413797,"(-156.0, 80.0, -175.0)","(-170.0, 252.0, -13.0)","(-55.0, 92.0, 156.0)","(-106.0, -214.0, 77.0)"
34,2023-03-31 10:45:00.425643,"(-155.0, 79.0, -167.0)","(-132.0, 207.0, -25.0)","(-69.0, 97.0, 127.0)","(-95.0, -180.0, 53.0)"
35,2023-03-31 10:45:00.437384,"(-114.0, 109.0, -160.0)","(-118.0, 242.0, 6.0)","(-57.0, 46.0, 133.0)","(-83.0, -226.0, 49.0)"
36,2023-03-31 10:45:00.460782,"(-126.0, 72.0, -198.0)","(-144.0, 219.0, 33.0)","(-41.0, 103.0, 118.0)","(-45.0, -165.0, 65.0)"
37,2023-03-31 10:45:00.472585,"(-118.0, 62.0, -180.0)","(-124.0, 212.0, -24.0)","(-54.0, 82.0, 85.0)","(-101.0, -206.0, 59.0)"
38,2023-03-31 10:45:00.496047,"(-161.0, 44.0, -206.0)","(-139.0, 244.0, -28.0)","(-47.0, 64.0, 72.0)","(-45.0, -196.0, 55.0)"
39,2023-03-31 10:45:00.507716,"(-148.0, 74.0, -190.0)","(-139.0, 218.0, 17.0)","(-63.0, 75.0, 119.0)","(-93.0, -181.0, 42.0)"
40,2023-03-31 10:45:00.519551,"(-158.0, 95.0, -194.0)","(-148.0, 184.0, -34.0)","(-39.0, 96.0, 93.0)","(-86.0, -181.0, 35.0)"
41,2023-03-31 10:45:00.543080,"(-144.0, 58.0, -162.0)","(-169.0, 253.0, 6.0)","(-81.0, 94.0, 155.0)","(-63.0, -203.0, 22.0)"
42,2023-03-31 10:45:00.555774,"(-119.0, 68.0, -162.0)","(-151.0, 227.0, -22.0)","(-31.0, 105.0, 109.0)","(-94.0, -180.0, 80.0)"
43,2023-03-31 10:45:00.568506,"(-149.0, 53.0, -171.0)","(-151.0, 232.0, -32.0)","(-12.0, 113.0, 89.0)","(-53.0, -192.0, 45.0)"
44,2023-03-31 10:45:00.580709,"(-171.0, 122.0, -184.0)","(-140.0, 226.0, -14.0)","(-28.0, 83.0, 96.0)","(-96.0, -193.0, 53.0)"
45,2023-03-31 10:45:00.604172,"(-149.0, 56.0, -154.0)","(-133.0, 255.0, -57.0)","(-31.0, 96.0, 135.0)","(-100.0, -190.0, 25.0)"
46,2023-03-31 10:45:00.616049,"(-162.0, 23.0, -189.0)","(-119.0, 226.0, -46.0)","(0.0, 84.0, 96.0)","(-67.0, -158.0, 34.0)"
47,2023-03-31 10:45:00.628249,"(-119.0, 98.0, -177.0)","(-121.0, 223.0, -10.0)","(-50.0, 74.0, 100.0)","(-34.0, -216.0, 86.0)"
48,2023-03-31 10:45:00.651884,"(-119.0, 60.0, -161.0)","(-132.0, 227.0, 5.0)","(-69.0, 63.0, 135.0)","(-57.0, -195.0, 78.0)"
49,2023-03-31 10:45:00.665548,"(-136.0, 75.0, -174.0)","(-115.0, 210.0, -19.0)","(-38.0, 86.0, 112.0)","(-79.0, -203.0, 44.0)"
50,2023-03-31 10:45:00.679786,"(-167.0, 82.0, -147.0)","(-131.0, 210.0, -45.0)","(-72.0, 83.0, 123.0)","(-81.0, -203.0, 61.0)"
51,2023-03-31 10:45:00.695121,"(-189.0, 110.0, -188.0)","(-160.0, 191.0, -7.0)","(-88.0, 50.0, 99.0)","(-82.0, -161.0, 85.0)"
52,2023-03-31 10:45:00.708544,"(-157.0, 90.0, -158.0)","(-113.0, 224.0, -1.0)","(-25.0, 87.0, 125.0)","(-54.0, -227.0, 41.0)"
53,2023-03-31 10:45:00.733031,"(-146.0, 84.0, -196.0)","(-153.0, 225.0, 6.0)","(-49.0, 89.0, 124.0)","(-85.0, -211.0, 37.0)"
54,2023-03-31 10:45:00.747076,"(-159.0, 74.0, -164.0)","(-127.0, 229.0, 3.0)","(-104.0, 87.0, 152.0)","(-83.0, -214.0, 79.0)"
55,2023-03-31 10:45:00.759635,"(-125.0, 58.0, -202.0)","(-127.0, 208.0, 0.0)","(-62.0, 117.0, 128.0)","(-83.0, -178.0, 28.0)"
56,2023-03-31 10:45:00.773358,"(-156.0, 48.0, -185.0)","(-121.0, 184.0, 16.0)","(-79.0, 57.0, 123.0)","(-53.0, -227.0, 69.0)"
57,2023-03-31 10:45:00.787151,"(-157.0, 87.0, -181.0)","(-133.0, 229.0, -14.0)","(-69.0, 78.0, 93.0)","(-113.0, -183.0, 88.0)"
58,2023-03-31 10:45:00.814618,"(-201.0, 94.0, -169.0)","(-107.0, 232.0, -6.0)","(-117.0, 83.0, 117.0)","(-119.0, -177.0, 51.0)"
59,2023-03-31 10:45:00.826366,"(-144.0, 82.0, -158.0)","(-153.0, 200.0, -4.0)","(-46.0, 74.0, 86.0)","(-30.0, -180.0, 40.0)"
60,2023-03-31 10:45:00.838392,"(-132.0, 95.0, -175.0)","(-140.0, 212.0, -18.0)","(-44.0, 62.0, 76.0)","(-75.0, -224.0, 45.0)"
61,2023-03-31 10:45:00.850106,"(-165.0, 102.0, -172.0)","(-140.0, 237.0, -43.0)","(-28.0, 85.0, 132.0)","(-48.0, -165.0, 60.0)"
62,2023-03-31 10:45:00.873992,"(-192.0, 66.0, -163.0)","(-134.0, 279.0, 18.0)","(-72.0, 106.0, 79.0)","(-88.0, -205.0, 46.0)"
63,2023-03-31 10:45:00.887910,"(-139.0, 70.0, -210.0)","(-114.0, 228.0, -4.0)","(-72.0, 85.0, 75.0)","(-59.0, -197.0, 98.0)"
64,2023-03-31 10:45:00.900742,"(-152.0, 95.0, -221.0)","(-137.0, 250.0, 7.0)","(-53.0, 54.0, 138.0)","(-80.0, -203.0, 65.0)"
65,2023-03-31 10:45:00.914789,"(-137.0, 93.0, -211.0)","(-132.0, 217.0, -14.0)","(-59.0, 67.0, 119.0)","(-75.0, -172.0, 63.0)"
66,2023-03-31 10:45:00.942772,"(-159.0, 55.0, -201.0)","(-107.0, 202.0, 0.0)","(-57.0, 102.0, 131.0)","(-99.0, -222.0, 52.0)"
67,2023-03-31 10:45:00.955514,"(-139.0, 59.0, -197.0)","(-129.0, 225.0, -22.0)","(-50.0, 118.0, 120.0)","(-62.0, -194.0, 47.0)"
68,2023-03-31 10:45:00.967965,"(-130.0, 70.0, -154.0)","(-129.0, 191.0, -35.0)","(-88.0, 48.0, 126.0)","(-85.0, -189.0, 28.0)"
69,2023-03-31 10:45:00.979927,"(-127.0, 57.0, -143.0)","(-112.0, 243.0, -17.0)","(-75.0, 63.0, 108.0)","(-52.0, -162.0, 42.0)"
70,2023-03-31 10:45:01.004192,"(-184.0, 45.0, -177.0)","(-117.0, 226.0, -26.0)","(-63.0, 109.0, 103.0)","(-122.0, -214.0, 91.0)"
71,2023-03-31 10:45:01.016529,"(-151.0, 132.0, -176.0)","(-147.0, 260.0, -16.0)","(-18.0, 72.0, 79.0)","(-64.0, -217.0, 72.0)"
72,2023-03-31 10:45:01.028459,"(-175.0, 75.0, -223.0)","(-145.0, 204.0, 6.0)","(-90.0, 91.0, 98.0)","(-57.0, -164.0, 73.0)"
73,2023-03-31 10:45:01.040628,"(-137.0, 130.0, -211.0)","(-119.0, 213.0, 20.0)","(-37.0, 110.0, 115.0)","(-57.0, -206.0, 59.0)"
74,2023-03-31 10:45:01.065706,"(-140.0, 70.0, -171.0)","(-144.0, 247.0, -34.0)","(-49.0, 88.0, 120.0)","(-69.0, -177.0, 64.0)"
75,2023-03-31 10:45:01.080058,"(-144.0, 96.0, -179.0)","(-135.0, 248.0, -39.0)","(-43.0, 110.0, 117.0)","(-81.0, -169.0, 77.0)"
76,2023-03-31 10:45:01.093980,"(-121.0, 55.0, -134.0)","(-149.0, 235.0, 3.0)","(-23.0, 139.0, 127.0)","(-76.0, -219.0, 67.0)"
77,2023-03-31 10:45:01.108102,"(-135.0, 92.0, -187.0)","(-102.0, 249.0, -6.0)","(-50.0, 81.0, 136.0)","(-38.0, -179.0, 30.0)"
78,2023-03-31 10:45:01.122126,"(-172.0, 82.0, -168.0)","(-118.0, 250.0, -35.0)","(-13.0, 88.0, 103.0)","(-61.0, -165.0, 43.0)"
79,2023-03-31 10:45:01.136347,"(-148.0, 76.0, -179.0)","(-121.0, 237.0, -25.0)","(-33.0, 68.0, 115.0)","(-63.0, -182.0, 38.0)"
80,2023-03-31 10:45:01.151656,"(-144.0, 82.0, -170.0)","(-127.0, 237.0, -10.0)","(-93.0, 118.0, 91.0)","(-48.0, -182.0, 82.0)"
81,2023-03-31 10:45:01.176716,"(-126.0, 119.0, -177.0)","(-128.0, 251.0, -7.0)","(-51.0, 90.0, 130.0)","(-81.0, -187.0, 37.0)"
82,2023-03-31 10:45:01.188803,"(-113.0, 87.0, -189.0)","(-144.0, 220.0, -3.0)","(-17.0, 65.0, 135.0)","(-82.0, -190.0, 66.0)"
83,2023-03-31 10:45:01.202993,"(-149.0, 53.0, -146.0)","(-147.0, 219.0, -16.0)","(-42.0, 71.0, 131.0)","(-73.0, -176.0, 40.0)"
84,2023-03-31 10:45:01.217144,"(-172.0, 46.0, -181.0)","(-118.0, 248.0, -8.0)","(-80.0, 110.0, 123.0)","(-75.0, -221.0, 46.0)"
85,2023-03-31 10:45:01.243799,"(-189.0, 58.0, -213.0)","(-101.0, 249.0, -19.0)","(-45.0, 89.0, 110.0)","(-94.0, -137.0, 56.0)"
86,2023-03-31 10:45:01.257651,"(-195.0, 44.0, -198.0)","(-129.0, 268.0, -2.0)","(-68.0, 111.0, 146.0)","(-57.0, -155.0, 73.0)"
87,2023-03-31 10:45:01.271756,"(-188.0, 50.0, -195.0)","(-101.0, 236.0, -43.0)","(-64.0, 81.0, 126.0)","(-53.0, -183.0, 60.0)"
88,2023-03-31 10:45:01.285731,"(-121.0, 104.0, -181.0)","(-156.0, 205.0, -7.0)","(-56.0, 111.0, 159.0)","(-46.0, -200.0, 70.0)"
89,2023-03-31 10:45:01.299834,"(-203.0, 97.0, -178.0)","(-128.0, 241.0, 0.0)","(-42.0, 94.0, 90.0)","(-95.0, -182.0, 54.0)"
90,2023-03-31 10:45:01.313941,"(-161.0, 92.0, -201.0)","(-119.0, 212.0, -19.0)","(-36.0, 75.0, 142.0)","(-61.0, -222.0, 58.0)"
91,2023-03-31 10:45:01.328099,"(-96.0, 84.0, -169.0)","(-120.0, 242.0, 14.0)","(-34.0, 98.0, 100.0)","(-61.0, -210.0, 83.0)"
92,2023-03-31 10:45:01.342239,"(-143.0, 98.0, -181.0)","(-139.0, 237.0, -28.0)","(-61.0, 110.0, 132.0)","(-140.0, -179.0, 44.0)"
93,2023-03-31 10:45:01.370482,"(-137.0, 101.0, -206.0)","(-116.0, 253.0, -39.0)","(-43.0, 93.0, 113.0)","(-33.0, -175.0, 52.0)"
94,2023-03-31 10:45:01.383345,"(-172.0, 26.0, -219.0)","(-152.0, 197.0, -16.0)","(-39.0, 89.0, 126.0)","(-114.0, -191.0, 102.0)"
95,2023-03-31 10:45:01.395276,"(-139.0, 72.0, -188.0)","(-142.0, 243.0, -5.0)","(-85.0, 154.0, 81.0)","(-53.0, -159.0, 72.0)"
96,2023-03-31 10:45:01.407182,"(-150.0, 59.0, -164.0)","(-85.0, 197.0, -32.0)","(-40.0, 82.0, 103.0)","(-108.0, -162.0, 68.0)"
97,2023-03-31 10:45:01.431477,"(-123.0, 56.0, -179.0)","(-173.0, 220.0, -23.0)","(-64.0, 71.0, 133.0)","(-55.0, -197.0, 46.0)"
98,2023-03-31 10:45:01.444383,"(-144.0, 95.0, -173.0)","(-129.0, 240.0, -24.0)","(-35.0, 76.0, 123.0)","(-73.0, -208.0, 35.0)"
99,2023-03-31 10:45:01.458395,"(-158.0, 62.0, -198.0)","(-106.0, 247.0, 8.0)","(-35.0, 84.0, 118.0)","(-59.0, -172.0, 55.0)"
100,2023-03-31 10:45:01.472720,"(-113.0, 77.0, -178.0)","(-143.0, 212.0, -24.0)","(-46.0, 109.0, 81.0)","(-59.0, -166.0, 82.0)"
101,2023-03-31 10:45:01.486993,"(-102.0, 43.0, -120.0)","(-142.0, 256.0, 22.0)","(-46.0, 105.0, 166.0)","(-36.0, -148.0, 72.0)"
102,2023-03-31 10:45:01.501269,"(-144.0, 59.0, -157.0)","(-151.0, 209.0, -6.0)","(-82.0, 93.0, 100.0)","(-75.0, -165.0, 46.0)"
103,2023-03-31 10:45:01.515848,"(-138.0, 65.0, -197.0)","(-100.0, 240.0, -13.0)","(-18.0, 113.0, 111.0)","(-45.0, -178.0, 40.0)"
104,2023-03-31 10:45:01.544786,"(-128.0, 52.0, -192.0)","(-122.0, 241.0, -38.0)","(-38.0, 92.0, 88.0)","(-79.0, -212.0, 57.0)"
105,2023-03-31 10:45:01.556828,"(-111.0, 73.0, -206.0)","(-147.0, 221.0, 7.0)","(-27.0, 142.0, 132.0)","(-60.0, -186.0, 42.0)"
106,2023-03-31 10:45:01.568854,"(-115.0, 76.0, -147.0)","(-124.0, 199.0, -13.0)","(-33.0, 73.0, 157.0)","(-93.0, -187.0, 57.0)"
107,2023-03-31 10:45:01.581280,"(-154.0, 67.0, -188.0)","(-125.0, 242.0, 7.0)","(-70.0, 104.0, 154.0)","(-75.0, -223.0, 52.0)"
108,2023-03-31 10:45:01.607888,"(-138.0, 112.0, -157.0)","(-135.0, 213.0, 3.0)","(-43.0, 85.0, 150.0)","(-65.0, -197.0, 50.0)"
109,2023-03-31 10:45:01.621561,"(-149.0, 79.0, -221.0)","(-154.0, 246.0, -18.0)","(-69.0, 50.0, 99.0)","(-76.0, -195.0, 29.0)"
110,2023-03-31 10:45:01.635519,"(-163.0, 95.0, -165.0)","(-172.0, 238.0, 5.0)","(-23.0, 59.0, 97.0)","(-61.0, -223.0, 51.0)"
111,2023-03-31 10:45:01.649570,"(-154.0, 93.0, -173.0)","(-110.0, 238.0, -21.0)","(-65.0, 98.0, 129.0)","(-98.0, -180.0, 89.0)"
112,2023-03-31 10:45:01.664097,"(-159.0, 77.0, -167.0)","(-134.0, 200.0, -51.0)","(-39.0, 110.0, 99.0)","(-54.0, -180.0, 48.0)"
113,2023-03-31 10:45:01.679008,"(-110.0, 71.0, -161.0)","(-144.0, 226.0, 8.0)","(-63.0, 93.0, 116.0)","(-62.0, -186.0, 79.0)"
114,2023-03-31 10:45:01.693384,"(-109.0, 63.0, -161.0)","(-156.0, 188.0, -33.0)","(-23.0, 79.0, 113.0)","(-51.0, -197.0, 26.0)"
115,2023-03-31 10:45:01.707712,"(-167.0, 74.0, -186.0)","(-171.0, 231.0, -37.0)","(-57.0, 111.0, 130.0)","(-152.0, -193.0, 24.0)"
116,2023-03-31 10:45:01.735653,"(-155.0, 86.0, -165.0)","(-159.0, 202.0, -29.0)","(-76.0, 112.0, 95.0)","(-98.0, -219.0, 85.0)"
117,2023-03-31 10:45:01.750204,"(-184.0, 76.0, -210.0)","(-155.0, 253.0, 2.0)","(-58.0, 124.0, 134.0)","(-63.0, -238.0, 86.0)"
118,2023-03-31 10:45:01.765440,"(-106.0, 90.0, -187.0)","(-123.0, 213.0, -56.0)","(-68.0, 92.0, 144.0)","(-31.0, -214.0, 79.0)"
119,2023-03-31 10:45:01.779435,"(-91.0, 34.0, -178.0)","(-138.0, 231.0, -21.0)","(-48.0, 88.0, 114.0)","(-80.0, -205.0, 83.0)"
120,2023-03-31 10:45:01.793550,"(-146.0, 87.0, -181.0)","(-130.0, 257.0, -11.0)","(-69.0, 62.0, 116.0)","(-96.0, -198.0, 48.0)"
121,2023-03-31 10:45:01.805711,"(-159.0, 75.0, -227.0)","(-138.0, 263.0, -20.0)","(-64.0, 50.0, 116.0)","(-80.0, -218.0, 49.0)"
122,2023-03-31 10:45:01.818140,"(-150.0, 86.0, -160.0)","(-129.0, 274.0, -27.0)","(-59.0, 63.0, 137.0)","(-60.0, -178.0, 83.0)"
123,2023-03-31 10:45:01.843091,"(-160.0, 62.0, -140.0)","(-149.0, 241.0, -40.0)","(-61.0, 102.0, 123.0)","(-78.0, -269.0, 66.0)"
124,2023-03-31 10:45:01.855596,"(-160.0, 92.0, -201.0)","(-99.0, 226.0, -23.0)","(-11.0, 109.0, 142.0)","(-29.0, -177.0, 40.0)"
125,2023-03-31 10:45:01.867790,"(-133.0, 81.0, -191.0)","(-159.0, 232.0, -18.0)","(-85.0, 113.0, 111.0)","(-53.0, -220.0, 84.0)"
126,2023-03-31 10:45:01.892033,"(-161.0, 113.0, -182.0)","(-142.0, 241.0, -26.0)","(-24.0, 95.0, 132.0)","(-70.0, -195.0, 65.0)"
127,2023-03-31 10:45:01.904183,"(-173.0, 73.0, -200.0)","(-155.0, 221.0, 19.0)","(-41.0, 103.0, 98.0)","(-54.0, -207.0, 52.0)"
128,2023-03-31 10:45:01.917430,"(-127.0, 69.0, -191.0)","(-167.0, 178.0, -19.0)","(-53.0, 42.0, 112.0)","(-96.0, -174.0, 36.0)"
129,2023-03-31 10:45:01.931844,"(-145.0, 60.0, -173.0)","(-152.0, 224.0, -42.0)","(-5.0, 74.0, 134.0)","(-76.0, -168.0, 40.0)"
130,2023-03-31 10:45:01.946382,"(-139.0, 74.0, -171.0)","(-133.0, 194.0, -34.0)","(-85.0, 60.0, 119.0)","(-72.0, -183.0, 68.0)"
131,2023-03-31 10:45:01.960848,"(-144.0, 108.0, -183.0)","(-153.0, 254.0, -3.0)","(-20.0, 62.0, 111.0)","(-62.0, -168.0, 66.0)"
132,2023-03-31 10:45:01.988233,"(-116.0, 70.0, -181.0)","(-113.0, 204.0, -36.0)","(-43.0, 103.0, 119.0)","(-48.0, -188.0, 85.0)"
133,2023-03-31 10:45:02.000186,"(-150.0, 87.0, -146.0)","(-127.0, 243.0, -25.0)","(-74.0, 100.0, 89.0)","(-84.0, -205.0, 37.0)"
134,2023-03-31 10:45:02.012210,"(-132.0, 94.0, -201.0)","(-180.0, 226.0, -26.0)","(-91.0, 89.0, 115.0)","(-89.0, -209.0, 65.0)"
135,2023-03-31 10:45:02.025417,"(-152.0, 59.0, -205.0)","(-164.0, 224.0, -25.0)","(-93.0, 89.0, 126.0)","(-103.0, -220.0, 68.0)"
136,2023-03-31 10:45:02.050449,"(-164.0, 104.0, -159.0)","(-125.0, 239.0, -55.0)","(-69.0, 98.0, 119.0)","(-35.0, -171.0, 48.0)"
137,2023-03-31 10:45:02.062257,"(-146.0, 80.0, -199.0)","(-136.0, 234.0, -6.0)","(-13.0, 90.0, 90.0)","(-113.0, -194.0, 100.0)"
138,2023-03-31 10:45:02.075960,"(-114.0, 88.0, -183.0)","(-125.0, 220.0, 16.0)","(-11.0, 65.0, 134.0)","(-76.0, -206.0, 70.0)"
139,2023-03-31 10:45:02.090490,"(-159.0, 60.0, -162.0)","(-101.0, 204.0, -20.0)","(-61.0, 112.0, 114.0)","(-79.0, -187.0, 80.0)"
140,2023-03-31 10:45:02.104990,"(-150.0, 106.0, -185.0)","(-103.0, 234.0, -28.0)","(-69.0, 116.0, 104.0)","(-69.0, -186.0, 84.0)"
141,2023-03-31 10:45:02.118931,"(-139.0, 82.0, -168.0)","(-117.0, 192.0, -24.0)","(-27.0, 62.0, 150.0)","(-78.0, -223.0, 68.0)"
142,2023-03-31 10:45:02.145676,"(-129.0, 76.0, -187.0)","(-100.0, 186.0, -28.0)","(-54.0, 62.0, 65.0)","(-73.0, -179.0, 76.0)"
143,2023-03-31 10:45:02.160315,"(-149.0, 104.0, -186.0)","(-139.0, 254.0, -37.0)","(-47.0, 95.0, 132.0)","(-100.0, -232.0, 78.0)"
144,2023-03-31 10:45:02.174912,"(-135.0, 90.0, -167.0)","(-114.0, 224.0, -22.0)","(-58.0, 70.0, 89.0)","(-81.0, -202.0, 60.0)"
145,2023-03-31 10:45:02.190362,"(-192.0, 52.0, -189.0)","(-113.0, 218.0, -46.0)","(-48.0, 87.0, 86.0)","(-99.0, -181.0, 65.0)"
146,2023-03-31 10:45:02.202758,"(-147.0, 97.0, -190.0)","(-135.0, 215.0, -11.0)","(-47.0, 85.0, 97.0)","(-77.0, -202.0, 64.0)"
147,2023-03-31 10:45:02.217120,"(-167.0, 67.0, -197.0)","(-129.0, 252.0, 23.0)","(-8.0, 165.0, 110.0)","(-39.0, -158.0, 79.0)"
148,2023-03-31 10:45:02.231665,"(-152.0, 95.0, -204.0)","(-145.0, 220.0, -73.0)","(-44.0, 63.0, 118.0)","(-61.0, -191.0, 95.0)"
149,2023-03-31 10:45:02.247059,"(-162.0, 87.0, -197.0)","(-132.0, 243.0, -14.0)","(-60.0, 98.0, 99.0)","(-56.0, -177.0, 59.0)"
150,2023-03-31 10:45:02.261666,"(-120.0, 64.0, -215.0)","(-115.0, 249.0, 33.0)","(-87.0, 101.0, 105.0)","(-69.0, -166.0, 53.0)"
151,2023-03-31 10:45:02.288825,"(-150.0, 46.0, -164.0)","(-149.0, 262.0, -41.0)","(-87.0, 79.0, 115.0)","(-73.0, -200.0, 37.0)"
152,2023-03-31 10:45:02.303444,"(-128.0, 93.0, -202.0)","(-108.0, 240.0, -11.0)","(-32.0, 138.0, 97.0)","(-100.0, -160.0, 72.0)"
153,2023-03-31 10:45:02.318057,"(-192.0, 61.0, -191.0)","(-168.0, 230.0, -46.0)","(-133.0, 85.0, 137.0)","(-92.0, -178.0, 64.0)"
154,2023-03-31 10:45:02.332996,"(-134.0, 59.0, -171.0)","(-150.0, 245.0, -2.0)","(-32.0, 101.0, 115.0)","(-38.0, -183.0, 95.0)"
155,2023-03-31 10:45:02.348091,"(-155.0, 74.0, -213.0)","(-191.0, 213.0, -44.0)","(-84.0, 75.0, 106.0)","(-46.0, -161.0, 70.0)"
156,2023-03-31 10:45:02.363049,"(-136.0, 130.0, -169.0)","(-152.0, 245.0, 2.0)","(-58.0, 70.0, 120.0)","(-61.0, -216.0, 21.0)"
157,2023-03-31 10:45:02.377750,"(-155.0, 124.0, -189.0)","(-125.0, 213.0, -1.0)","(-53.0, 133.0, 116.0)","(-60.0, -216.0, 48.0)"
158,2023-03-31 10:45:02.392687,"(-147.0, 72.0, -177.0)","(-121.0, 221.0, -33.0)","(-69.0, 85.0, 82.0)","(-59.0, -187.0, 54.0)"
159,2023-03-31 10:45:02.406488,"(-142.0, 47.0, -189.0)","(-145.0, 247.0, -16.0)","(-67.0, 65.0, 105.0)","(-83.0, -212.0, 87.0)"
160,2023-03-31 10:45:02.420187,"(-154.0, 74.0, -174.0)","(-129.0, 210.0, -30.0)","(-53.0, 89.0, 120.0)","(-87.0, -183.0, 83.0)"
161,2023-03-31 10:45:02.449313,"(-145.0, 102.0, -218.0)","(-170.0, 236.0, -28.0)","(-20.0, 117.0, 137.0)","(-77.0, -193.0, 70.0)"
162,2023-03-31 10:45:02.461502,"(-168.0, 103.0, -215.0)","(-94.0, 233.0, -30.0)","(-35.0, 60.0, 148.0)","(-115.0, -173.0, 46.0)"
163,2023-03-31 10:45:02.473829,"(-146.0, 78.0, -187.0)","(-146.0, 236.0, -43.0)","(-91.0, 90.0, 134.0)","(-33.0, -234.0, 82.0)"
164,2023-03-31 10:45:02.487822,"(-161.0, 137.0, -205.0)","(-132.0, 205.0, -17.0)","(-43.0, 96.0, 136.0)","(-79.0, -174.0, 58.0)"
165,2023-03-31 10:45:02.502704,"(-126.0, 73.0, -172.0)","(-124.0, 224.0, -18.0)","(-20.0, 77.0, 116.0)","(-77.0, -218.0, 57.0)"
166,2023-03-31 10:45:02.517508,"(-150.0, 114.0, -212.0)","(-201.0, 224.0, -31.0)","(-68.0, 91.0, 79.0)","(-66.0, -178.0, 67.0)"
167,2023-03-31 10:45:02.532363,"(-150.0, 101.0, -172.0)","(-122.0, 192.0, -26.0)","(-44.0, 67.0, 95.0)","(-94.0, -181.0, 63.0)"
168,2023-03-31 10:45:02.547200,"(-135.0, 63.0, -190.0)","(-117.0, 215.0, 6.0)","(-42.0, 64.0, 142.0)","(-94.0, -214.0, 59.0)"
169,2023-03-31 10:45:02.576816,"(-173.0, 72.0, -193.0)","(-149.0, 255.0, 0.0)","(-75.0, 90.0, 92.0)","(-39.0, -227.0, 79.0)"
170,2023-03-31 10:45:02.591758,"(-152.0, 82.0, -153.0)","(-120.0, 266.0, -2.0)","(-90.0, 100.0, 97.0)","(-95.0, -210.0, 51.0)"
171,2023-03-31 10:45:02.606758,"(-115.0, 34.0, -186.0)","(-167.0, 264.0, 1.0)","(-59.0, 84.0, 113.0)","(-63.0, -176.0, 26.0)"
172,2023-03-31 10:45:02.621510,"(-165.0, 89.0, -160.0)","(-124.0, 218.0, -10.0)","(-32.0, 118.0, 138.0)","(-114.0, -215.0, 79.0)"
173,2023-03-31 10:45:02.636263,"(-160.0, 72.0, -218.0)","(-119.0, 242.0, -20.0)","(-28.0, 109.0, 136.0)","(-66.0, -226.0, 87.0)"
174,2023-03-31 10:45:02.651063,"(-138.0, 64.0, -218.0)","(-108.0, 229.0, -7.0)","(-36.0, 108.0, 126.0)","(-78.0, -203.0, 70.0)"
175,2023-03-31 10:45:02.665773,"(-79.0, 99.0, -205.0)","(-120.0, 226.0, -47.0)","(-76.0, 115.0, 121.0)","(-60.0, -182.0, 91.0)"
176,2023-03-31 10:45:02.680675,"(-119.0, 59.0, -195.0)","(-151.0, 218.0, -64.0)","(-31.0, 82.0, 116.0)","(-77.0, -196.0, 51.0)"
177,2023-03-31 10:45:02.695637,"(-141.0, 62.0, -188.0)","(-106.0, 224.0, -34.0)","(-51.0, 71.0, 127.0)","(-98.0, -196.0, 37.0)"
178,2023-03-31 10:45:02.710468,"(-141.0, 94.0, -193.0)","(-160.0, 205.0, -18.0)","(-59.0, 102.0, 146.0)","(-102.0, -179.0, 62.0)"
179,2023-03-31 10:45:02.725215,"(-157.0, 86.0, -168.0)","(-153.0, 218.0, -2.0)","(-48.0, 92.0, 146.0)","(-110.0, -181.0, 36.0)"
180,2023-03-31 10:45:02.740153,"(-159.0, 100.0, -221.0)","(-118.0, 259.0, -35.0)","(-37.0, 93.0, 104.0)","(-65.0, -164.0, 57.0)"
181,2023-03-31 10:45:02.755096,"(-147.0, 81.0, -177.0)","(-114.0, 261.0, -12.0)","(-15.0, 73.0, 115.0)","(-77.0, -216.0, 65.0)"
182,2023-03-31 10:45:02.770112,"(-144.0, 76.0, -180.0)","(-163.0, 242.0, -29.0)","(-61.0, 91.0, 85.0)","(-97.0, -180.0, 27.0)"
183,2023-03-31 10:45:02.785470,"(-133.0, 65.0, -175.0)","(-157.0, 243.0, -23.0)","(-73.0, 74.0, 107.0)","(-59.0, -182.0, 72.0)"
184,2023-03-31 10:45:02.801082,"(-162.0, 114.0, -182.0)","(-116.0, 209.0, -23.0)","(-83.0, 88.0, 147.0)","(-70.0, -167.0, 79.0)"
185,2023-03-31 10:45:02.830832,"(-116.0, 81.0, -208.0)","(-123.0, 229.0, -21.0)","(-106.0, 102.0, 119.0)","(-72.0, -181.0, 63.0)"
186,2023-03-31 10:45:02.845714,"(-159.0, 73.0, -164.0)","(-108.0, 243.0, -5.0)","(-33.0, 35.0, 121.0)","(-99.0, -140.0, 61.0)"
187,2023-03-31 10:45:02.860881,"(-122.0, 74.0, -172.0)","(-143.0, 187.0, -44.0)","(-39.0, 92.0, 100.0)","(-77.0, -161.0, 47.0)"
188,2023-03-31 10:45:02.876194,"(-162.0, 89.0, -201.0)","(-87.0, 201.0, -10.0)","(-107.0, 78.0, 130.0)","(-111.0, -209.0, 54.0)"
189,2023-03-31 10:45:02.891395,"(-152.0, 114.0, -165.0)","(-109.0, 238.0, -18.0)","(-75.0, 91.0, 107.0)","(-103.0, -181.0, 87.0)"
190,2023-03-31 10:45:02.906343,"(-162.0, 100.0, -195.0)","(-160.0, 259.0, 8.0)","(-35.0, 73.0, 114.0)","(-53.0, -157.0, 38.0)"
191,2023-03-31 10:45:02.921391,"(-121.0, 90.0, -195.0)","(-169.0, 239.0, 12.0)","(-82.0, 89.0, 121.0)","(-65.0, -170.0, 70.0)"
192,2023-03-31 10:45:02.936471,"(-143.0, 37.0, -185.0)","(-121.0, 220.0, -30.0)","(-97.0, 82.0, 129.0)","(-77.0, -131.0, 55.0)"
193,2023-03-31 10:45:02.951950,"(-146.0, 66.0, -165.0)","(-130.0, 188.0, -2.0)","(-35.0, 101.0, 116.0)","(-80.0, -187.0, 56.0)"
194,2023-03-31 10:45:02.967210,"(-159.0, 86.0, -193.0)","(-146.0, 213.0, 10.0)","(-37.0, 83.0, 100.0)","(-61.0, -173.0, 77.0)"
195,2023-03-31 10:45:02.982692,"(-123.0, 57.0, -176.0)","(-124.0, 177.0, -7.0)","(-70.0, 82.0, 148.0)","(-55.0, -176.0, 55.0)"
196,2023-03-31 10:45:02.998018,"(-137.0, 87.0, -193.0)","(-149.0, 195.0, -17.0)","(-81.0, 83.0, 106.0)","(-43.0, -219.0, 44.0)"
197,2023-03-31 10:45:03.013579,"(-159.0, 103.0, -177.0)","(-195.0, 215.0, -42.0)","(-17.0, 82.0, 127.0)","(-121.0, -214.0, 100.0)"
198,2023-03-31 10:45:03.028834,"(-132.0, 110.0, -204.0)","(-109.0, 235.0, -26.0)","(-33.0, 105.0, 105.0)","(-93.0, -211.0, 41.0)"
199,2023-03-31 10:45:03.043859,"(-107.0, 73.0, -148.0)","(-117.0, 224.0, 2.0)","(-51.0, 94.0, 120.0)","(-134.0, -161.0, 80.0)"
200,2023-03-31 10:45:03.056273,"(-145.0, 70.0, -217.0)","(-148.0, 231.0, 5.0)","(-34.0, 118.0, 118.0)","(-84.0, -180.0, 75.0)"
201,2023-03-31 10:45:03.071500,"(-159.0, 100.0, -174.0)","(-138.0, 249.0, -18.0)","(-51.0, 115.0, 111.0)","(-77.0, -185.0, 39.0)"
202,2023-03-31 10:45:03.087026,"(-142.0, 83.0, -187.0)","(-100.0, 217.0, 1.0)","(-73.0, 47.0, 106.0)","(-69.0, -173.0, 72.0)"
203,2023-03-31 10:45:03.115245,"(-158.0, 90.0, -183.0)","(-179.0, 237.0, 3.0)","(-54.0, 57.0, 70.0)","(-51.0, -204.0, 79.0)"
204,2023-03-31 10:45:03.130271,"(-162.0, 99.0, -201.0)","(-112.0, 203.0, -1.0)","(-53.0, 87.0, 124.0)","(-84.0, -224.0, 27.0)"
205,2023-03-31 10:45:03.145462,"(-141.0, 92.0, -184.0)","(-132.0, 264.0, -40.0)","(-79.0, 83.0, 97.0)","(-48.0, -177.0, 63.0)"
206,2023-03-31 10:45:03.160884,"(-144.0, 67.0, -134.0)","(-131.0, 267.0, -49.0)","(-31.0, 129.0, 75.0)","(-46.0, -199.0, 38.0)"
207,2023-03-31 10:45:03.176160,"(-128.0, 70.0, -187.0)","(-157.0, 232.0, -27.0)","(-37.0, 83.0, 126.0)","(-67.0, -198.0, 88.0)"
208,2023-03-31 10:45:03.191440,"(-139.0, 66.0, -183.0)","(-130.0, 240.0, 21.0)","(-72.0, 82.0, 125.0)","(-80.0, -202.0, 49.0)"
209,2023-03-31 10:45:03.207598,"(-155.0, 78.0, -144.0)","(-157.0, 272.0, -26.0)","(-8.0, 69.0, 145.0)","(-72.0, -191.0, 60.0)"
210,2023-03-31 10:45:03.222926,"(-131.0, 47.0, -190.0)","(-188.0, 207.0, -16.0)","(-39.0, 65.0, 142.0)","(-67.0, -211.0, 36.0)"
211,2023-03-31 10:45:03.238107,"(-168.0, 93.0, -199.0)","(-114.0, 207.0, 7.0)","(-53.0, 98.0, 138.0)","(-82.0, -244.0, 54.0)"
212,2023-03-31 10:45:03.253204,"(-140.0, 69.0, -172.0)","(-122.0, 244.0, -12.0)","(-50.0, 86.0, 128.0)","(-68.0, -208.0, 34.0)"
213,2023-03-31 10:45:03.268348,"(-124.0, 88.0, -194.0)","(-80.0, 257.0, -12.0)","(-79.0, 57.0, 113.0)","(-47.0, -183.0, 67.0)"
214,2023-03-31 10:45:03.283591,"(-173.0, 93.0, -181.0)","(-134.0, 195.0, -22.0)","(-77.0, 82.0, 93.0)","(-58.0, -175.0, 55.0)"
215,2023-03-31 10:45:03.298803,"(-127.0, 81.0, -160.0)","(-137.0, 227.0, -9.0)","(-37.0, 65.0, 113.0)","(-63.0, -208.0, 30.0)"
216,2023-03-31 10:45:03.313857,"(-130.0, 68.0, -174.0)","(-131.0, 240.0, -23.0)","(-40.0, 100.0, 140.0)","(-53.0, -197.0, 56.0)"
217,2023-03-31 10:45:03.326202,"(-142.0, 93.0, -180.0)","(-123.0, 259.0, 4.0)","(-51.0, 75.0, 115.0)","(-100.0, -185.0, 84.0)"
218,2023-03-31 10:45:03.352341,"(-177.0, 66.0, -166.0)","(-153.0, 226.0, 0.0)","(-86.0, 95.0, 106.0)","(-119.0, -180.0, 78.0)"
219,2023-03-31 10:45:03.367682,"(-172.0, 58.0, -180.0)","(-135.0, 207.0, 42.0)","(-51.0, 85.0, 81.0)","(-44.0, -145.0, 36.0)"
220,2023-03-31 10:45:03.383320,"(-121.0, 79.0, -124.0)","(-118.0, 241.0, -29.0)","(-51.0, 82.0, 114.0)","(-106.0, -185.0, 48.0)"
221,2023-03-31 10:45:03.398726,"(-150.0, 51.0, -182.0)","(-118.0, 253.0, -14.0)","(-64.0, 92.0, 116.0)","(-77.0, -163.0, 77.0)"
222,2023-03-31 10:45:03.415182,"(-133.0, 92.0, -186.0)","(-166.0, 209.0, 10.0)","(-36.0, 79.0, 160.0)","(-66.0, -175.0, 129.0)"
223,2023-03-31 10:45:03.430918,"(-188.0, 58.0, -164.0)","(-119.0, 203.0, -37.0)","(-62.0, 86.0, 144.0)","(-86.0, -155.0, 34.0)"
224,2023-03-31 10:45:03.446470,"(-140.0, 83.0, -173.0)","(-154.0, 190.0, -60.0)","(-63.0, 108.0, 154.0)","(-52.0, -197.0, 68.0)"
225,2023-03-31 10:45:03.461876,"(-139.0, 105.0, -166.0)","(-166.0, 242.0, -45.0)","(-66.0, 140.0, 71.0)","(-74.0, -215.0, 39.0)"
226,2023-03-31 10:45:03.477563,"(-129.0, 93.0, -177.0)","(-109.0, 218.0, 9.0)","(-36.0, 85.0, 107.0)","(-74.0, -199.0, 47.0)"
227,2023-03-31 10:45:03.493080,"(-138.0, 88.0, -171.0)","(-124.0, 295.0, -33.0)","(-76.0, 104.0, 126.0)","(-5.0, -224.0, 62.0)"
228,2023-03-31 10:45:03.508046,"(-115.0, 65.0, -219.0)","(-99.0, 245.0, -26.0)","(-22.0, 115.0, 83.0)","(-65.0, -211.0, 68.0)"
229,2023-03-31 10:45:03.520261,"(-176.0, 67.0, -197.0)","(-95.0, 189.0, -20.0)","(-51.0, 106.0, 131.0)","(-87.0, -205.0, 15.0)"
230,2023-03-31 10:45:03.532561,"(-181.0, 92.0, -194.0)","(-130.0, 238.0, -31.0)","(-52.0, 88.0, 131.0)","(-74.0, -186.0, 100.0)"
231,2023-03-31 10:45:03.557033,"(-173.0, 40.0, -211.0)","(-158.0, 222.0, -13.0)","(-37.0, 88.0, 105.0)","(-86.0, -195.0, 73.0)"
232,2023-03-31 10:45:03.569214,"(-151.0, 84.0, -144.0)","(-144.0, 248.0, -27.0)","(-87.0, 82.0, 121.0)","(-32.0, -139.0, 57.0)"
233,2023-03-31 10:45:03.581546,"(-128.0, 72.0, -156.0)","(-133.0, 242.0, -26.0)","(-88.0, 50.0, 127.0)","(-105.0, -153.0, 92.0)"
234,2023-03-31 10:45:03.593715,"(-151.0, 71.0, -183.0)","(-143.0, 239.0, -22.0)","(-47.0, 74.0, 122.0)","(-87.0, -208.0, 48.0)"
235,2023-03-31 10:45:03.618388,"(-177.0, 70.0, -200.0)","(-128.0, 253.0, -5.0)","(-76.0, 132.0, 121.0)","(-65.0, -176.0, 27.0)"
236,2023-03-31 10:45:03.630758,"(-163.0, 59.0, -180.0)","(-133.0, 212.0, -21.0)","(-76.0, 21.0, 102.0)","(-70.0, -212.0, 56.0)"
237,2023-03-31 10:45:03.643164,"(-130.0, 85.0, -172.0)","(-145.0, 204.0, -21.0)","(-45.0, 84.0, 118.0)","(-65.0, -167.0, 46.0)"
238,2023-03-31 10:45:03.657147,"(-169.0, 79.0, -188.0)","(-147.0, 232.0, -44.0)","(-73.0, 95.0, 150.0)","(-55.0, -205.0, 79.0)"
239,2023-03-31 10:45:03.687933,"(-125.0, 80.0, -158.0)","(-133.0, 250.0, -45.0)","(-71.0, 91.0, 87.0)","(-63.0, -220.0, 61.0)"
240,2023-03-31 10:45:03.703404,"(-132.0, 77.0, -147.0)","(-119.0, 212.0, -35.0)","(-62.0, 96.0, 136.0)","(-84.0, -181.0, 61.0)"
241,2023-03-31 10:45:03.718773,"(-151.0, 64.0, -199.0)","(-153.0, 257.0, -10.0)","(-70.0, 49.0, 125.0)","(-91.0, -200.0, 92.0)"
242,2023-03-31 10:45:03.734236,"(-154.0, 63.0, -171.0)","(-135.0, 256.0, 5.0)","(-63.0, 107.0, 104.0)","(-86.0, -219.0, 72.0)"
243,2023-03-31 10:45:03.749766,"(-172.0, 73.0, -202.0)","(-115.0, 215.0, -48.0)","(-78.0, 112.0, 150.0)","(-60.0, -182.0, 91.0)"
244,2023-03-31 10:45:03.765464,"(-158.0, 73.0, -141.0)","(-117.0, 234.0, -28.0)","(-29.0, 82.0, 128.0)","(-127.0, -203.0, 62.0)"
245,2023-03-31 10:45:03.781481,"(-131.0, 26.0, -182.0)","(-142.0, 228.0, 8.0)","(3.0, 108.0, 138.0)","(-67.0, -187.0, 49.0)"
246,2023-03-31 10:45:03.797306,"(-132.0, 58.0, -181.0)","(-153.0, 233.0, -26.0)","(-29.0, 96.0, 118.0)","(-107.0, -192.0, 80.0)"
247,2023-03-31 10:45:03.813221,"(-171.0, 86.0, -130.0)","(-145.0, 236.0, 2.0)","(-35.0, 60.0, 133.0)","(-80.0, -224.0, 96.0)"
248,2023-03-31 10:45:03.829549,"(-100.0, 75.0, -209.0)","(-103.0, 217.0, 0.0)","(-48.0, 95.0, 135.0)","(-71.0, -224.0, 40.0)"
249,2023-03-31 10:45:03.845517,"(-171.0, 46.0, -195.0)","(-166.0, 234.0, -3.0)","(-54.0, 103.0, 129.0)","(-67.0, -200.0, 85.0)"
250,2023-03-31 10:45:03.857891,"(-132.0, 72.0, -185.0)","(-144.0, 209.0, -25.0)","(-76.0, 112.0, 159.0)","(-83.0, -140.0, 54.0)"
251,2023-03-31 10:45:03.870235,"(-158.0, 43.0, -172.0)","(-103.0, 246.0, -37.0)","(-102.0, 53.0, 125.0)","(-89.0, -172.0, 44.0)"
252,2023-03-31 10:45:03.884914,"(-182.0, 89.0, -164.0)","(-151.0, 266.0, -19.0)","(-76.0, 103.0, 119.0)","(-80.0, -197.0, 55.0)"
253,2023-03-31 10:45:03.900320,"(-135.0, 73.0, -194.0)","(-140.0, 206.0, 17.0)","(-56.0, 73.0, 129.0)","(-37.0, -193.0, 40.0)"
254,2023-03-31 10:45:03.915906,"(-196.0, 55.0, -185.0)","(-126.0, 255.0, -21.0)","(-75.0, 77.0, 108.0)","(-89.0, -187.0, 73.0)"
255,2023-03-31 10:45:03.931492,"(-154.0, 110.0, -203.0)","(-113.0, 219.0, -5.0)","(-65.0, 98.0, 130.0)","(-96.0, -239.0, 54.0)"
256,2023-03-31 10:45:03.947161,"(-163.0, 72.0, -176.0)","(-133.0, 216.0, -38.0)","(-51.0, 97.0, 123.0)","(-102.0, -176.0, 64.0)"
257,2023-03-31 10:45:03.962885,"(-153.0, 67.0, -191.0)","(-155.0, 246.0, -42.0)","(-47.0, 92.0, 145.0)","(-70.0, -149.0, 35.0)"
258,2023-03-31 10:45:03.978538,"(-120.0, 99.0, -217.0)","(-135.0, 214.0, -36.0)","(-56.0, 78.0, 117.0)","(-90.0, -208.0, 57.0)"
259,2023-03-31 10:45:03.994353,"(-142.0, 64.0, -173.0)","(-119.0, 229.0, -42.0)","(-78.0, 86.0, 129.0)","(-57.0, -137.0, 36.0)"
260,2023-03-31 10:45:04.010449,"(-124.0, 53.0, -175.0)","(-138.0, 270.0, -39.0)","(-20.0, 86.0, 103.0)","(-89.0, -198.0, 70.0)"
261,2023-03-31 10:45:04.026533,"(-141.0, 48.0, -180.0)","(-161.0, 219.0, -4.0)","(-98.0, 104.0, 138.0)","(-60.0, -143.0, 35.0)"
262,2023-03-31 10:45:04.042576,"(-159.0, 70.0, -183.0)","(-124.0, 233.0, -4.0)","(-52.0, 101.0, 137.0)","(-77.0, -183.0, 10.0)"
263,2023-03-31 10:45:04.054955,"(-108.0, 79.0, -174.0)","(-147.0, 230.0, -17.0)","(-16.0, 96.0, 88.0)","(-78.0, -201.0, 36.0)"
264,2023-03-31 10:45:04.083131,"(-138.0, 92.0, -172.0)","(-154.0, 209.0, -18.0)","(-15.0, 112.0, 126.0)","(-86.0, -173.0, 45.0)"
265,2023-03-31 10:45:04.098744,"(-126.0, 33.0, -155.0)","(-142.0, 239.0, -36.0)","(-64.0, 84.0, 84.0)","(-16.0, -202.0, 90.0)"
266,2023-03-31 10:45:04.113965,"(-149.0, 61.0, -182.0)","(-159.0, 220.0, -62.0)","(-59.0, 81.0, 121.0)","(-47.0, -207.0, 47.0)"
267,2023-03-31 10:45:04.129061,"(-173.0, 86.0, -171.0)","(-161.0, 225.0, 24.0)","(-65.0, 72.0, 112.0)","(-90.0, -205.0, 75.0)"
268,2023-03-31 10:45:04.144370,"(-151.0, 87.0, -173.0)","(-138.0, 252.0, -7.0)","(-61.0, 95.0, 129.0)","(-43.0, -211.0, 36.0)"
269,2023-03-31 10:45:04.159843,"(-158.0, 49.0, -154.0)","(-114.0, 216.0, -58.0)","(-70.0, 116.0, 110.0)","(-87.0, -207.0, 45.0)"
270,2023-03-31 10:45:04.175485,"(-127.0, 79.0, -178.0)","(-170.0, 213.0, -14.0)","(-62.0, 76.0, 121.0)","(-65.0, -180.0, 55.0)"
271,2023-03-31 10:45:04.190425,"(-176.0, 121.0, -166.0)","(-120.0, 205.0, -14.0)","(-41.0, 111.0, 100.0)","(-89.0, -196.0, 42.0)"
272,2023-03-31 10:45:04.203526,"(-148.0, 61.0, -168.0)","(-113.0, 218.0, -27.0)","(-59.0, 65.0, 102.0)","(-67.0, -171.0, 51.0)"
273,2023-03-31 10:45:04.216967,"(-153.0, 55.0, -208.0)","(-149.0, 216.0, -16.0)","(-54.0, 100.0, 137.0)","(-84.0, -187.0, 76.0)"
274,2023-03-31 10:45:04.229797,"(-156.0, 56.0, -197.0)","(-127.0, 228.0, -1.0)","(-74.0, 107.0, 122.0)","(-86.0, -211.0, 59.0)"
275,2023-03-31 10:45:04.254604,"(-136.0, 76.0, -173.0)","(-140.0, 230.0, -40.0)","(-77.0, 81.0, 92.0)","(-81.0, -145.0, 78.0)"
276,2023-03-31 10:45:04.269096,"(-190.0, 84.0, -217.0)","(-174.0, 227.0, -18.0)","(-40.0, 77.0, 172.0)","(-57.0, -211.0, 53.0)"
277,2023-03-31 10:45:04.284760,"(-139.0, 73.0, -166.0)","(-151.0, 245.0, 14.0)","(2.0, 88.0, 98.0)","(-86.0, -163.0, 66.0)"
278,2023-03-31 10:45:04.300875,"(-134.0, 79.0, -217.0)","(-107.0, 243.0, 15.0)","(-64.0, 66.0, 141.0)","(-39.0, -198.0, 49.0)"
279,2023-03-31 10:45:04.316878,"(-157.0, 73.0, -217.0)","(-150.0, 206.0, -19.0)","(-72.0, 65.0, 143.0)","(-100.0, -184.0, 83.0)"
280,2023-03-31 10:45:04.332035,"(-179.0, 53.0, -186.0)","(-108.0, 223.0, -6.0)","(-88.0, 116.0, 93.0)","(-134.0, -206.0, 68.0)"
281,2023-03-31 10:45:04.344406,"(-147.0, 62.0, -204.0)","(-137.0, 233.0, -2.0)","(-47.0, 122.0, 141.0)","(-95.0, -209.0, 73.0)"
282,2023-03-31 10:45:04.359544,"(-101.0, 73.0, -147.0)","(-129.0, 242.0, -2.0)","(-31.0, 83.0, 108.0)","(-49.0, -185.0, 52.0)"
283,2023-03-31 10:45:04.375326,"(-148.0, 70.0, -193.0)","(-156.0, 199.0, 19.0)","(-40.0, 106.0, 127.0)","(-76.0, -218.0, 111.0)"
284,2023-03-31 10:45:04.391168,"(-155.0, 74.0, -156.0)","(-151.0, 246.0, -33.0)","(-54.0, 90.0, 142.0)","(-53.0, -178.0, 82.0)"
285,2023-03-31 10:45:04.407041,"(-148.0, 46.0, -177.0)","(-144.0, 222.0, -26.0)","(-53.0, 77.0, 101.0)","(-92.0, -196.0, 21.0)"
286,2023-03-31 10:45:04.422949,"(-202.0, 104.0, -182.0)","(-134.0, 271.0, 8.0)","(-42.0, 72.0, 149.0)","(-99.0, -169.0, 70.0)"
287,2023-03-31 10:45:04.439920,"(-142.0, 90.0, -175.0)","(-160.0, 232.0, -19.0)","(-90.0, 73.0, 124.0)","(-73.0, -187.0, 35.0)"
288,2023-03-31 10:45:04.456308,"(-126.0, 78.0, -176.0)","(-153.0, 248.0, -10.0)","(-40.0, 111.0, 169.0)","(-94.0, -205.0, 16.0)"
289,2023-03-31 10:45:04.472498,"(-153.0, 75.0, -199.0)","(-100.0, 233.0, -42.0)","(-29.0, 89.0, 148.0)","(-46.0, -176.0, 82.0)"
290,2023-03-31 10:45:04.488623,"(-160.0, 69.0, -213.0)","(-134.0, 223.0, -74.0)","(-30.0, 100.0, 117.0)","(-67.0, -214.0, 90.0)"
291,2023-03-31 10:45:04.504763,"(-146.0, 61.0, -178.0)","(-159.0, 261.0, 6.0)","(-36.0, 110.0, 99.0)","(-89.0, -218.0, 95.0)"
292,2023-03-31 10:45:04.520752,"(-126.0, 106.0, -159.0)","(-172.0, 228.0, -4.0)","(-36.0, 98.0, 112.0)","(-57.0, -197.0, 68.0)"
293,2023-03-31 10:45:04.537157,"(-169.0, 79.0, -208.0)","(-162.0, 268.0, -13.0)","(-83.0, 68.0, 97.0)","(-27.0, -152.0, 47.0)"
294,2023-03-31 10:45:04.549559,"(-135.0, 32.0, -204.0)","(-155.0, 272.0, 27.0)","(-43.0, 95.0, 136.0)","(-77.0, -161.0, -5.0)"
295,2023-03-31 10:45:04.561852,"(-153.0, 83.0, -168.0)","(-129.0, 208.0, -10.0)","(-49.0, 97.0, 184.0)","(-92.0, -166.0, 80.0)"
296,2023-03-31 10:45:04.589067,"(-94.0, 110.0, -147.0)","(-119.0, 253.0, 6.0)","(-42.0, 88.0, 98.0)","(-45.0, -162.0, 53.0)"
297,2023-03-31 10:45:04.605144,"(-149.0, 71.0, -157.0)","(-114.0, 232.0, 11.0)","(-63.0, 115.0, 107.0)","(-71.0, -166.0, 82.0)"
298,2023-03-31 10:45:04.621241,"(-133.0, 41.0, -199.0)","(-157.0, 244.0, -30.0)","(-87.0, 103.0, 111.0)","(-99.0, -191.0, 90.0)"
299,2023-03-31 10:45:04.637235,"(-140.0, 59.0, -186.0)","(-127.0, 264.0, -38.0)","(-6.0, 93.0, 131.0)","(-52.0, -185.0, 57.0)"
300,2023-03-31 10:45:04.653256,"(-173.0, 39.0, -185.0)","(-117.0, 215.0, -19.0)","(-89.0, 134.0, 109.0)","(-51.0, -184.0, 42.0)"
301,2023-03-31 10:45:04.669136,"(-135.0, 70.0, -174.0)","(-144.0, 229.0, -5.0)","(-103.0, 134.0, 134.0)","(-82.0, -176.0, 28.0)"
302,2023-03-31 10:45:04.685165,"(-108.0, 80.0, -158.0)","(-125.0, 185.0, -23.0)","(-98.0, 107.0, 97.0)","(-89.0, -143.0, 44.0)"
303,2023-03-31 10:45:04.701101,"(-152.0, 106.0, -197.0)","(-127.0, 194.0, -24.0)","(-43.0, 85.0, 103.0)","(-86.0, -138.0, 32.0)"
304,2023-03-31 10:45:04.716963,"(-221.0, 103.0, -188.0)","(-139.0, 217.0, -9.0)","(-34.0, 96.0, 113.0)","(-85.0, -186.0, 46.0)"
305,2023-03-31 10:45:04.733108,"(-163.0, 94.0, -159.0)","(-96.0, 231.0, -25.0)","(-34.0, 61.0, 151.0)","(-79.0, -235.0, 65.0)"
306,2023-03-31 10:45:04.749250,"(-122.0, 29.0, -134.0)","(-140.0, 207.0, -19.0)","(-80.0, 87.0, 99.0)","(-88.0, -173.0, 28.0)"
307,2023-03-31 10:45:04.765359,"(-172.0, 82.0, -149.0)","(-159.0, 237.0, 8.0)","(-60.0, 114.0, 120.0)","(-114.0, -216.0, 77.0)"
308,2023-03-31 10:45:04.781381,"(-150.0, 76.0, -200.0)","(-93.0, 262.0, -44.0)","(-69.0, 85.0, 128.0)","(-87.0, -167.0, 44.0)"
309,2023-03-31 10:45:04.797481,"(-170.0, 69.0, -197.0)","(-114.0, 256.0, -32.0)","(-92.0, 108.0, 104.0)","(-80.0, -178.0, 84.0)"
310,2023-03-31 10:45:04.813547,"(-137.0, 68.0, -199.0)","(-127.0, 230.0, 4.0)","(-30.0, 118.0, 125.0)","(-82.0, -239.0, 68.0)"
311,2023-03-31 10:45:04.829657,"(-139.0, 75.0, -179.0)","(-165.0, 254.0, 8.0)","(-77.0, 104.0, 113.0)","(-48.0, -168.0, 23.0)"
312,2023-03-31 10:45:04.846067,"(-167.0, 34.0, -167.0)","(-121.0, 264.0, -18.0)","(-106.0, 83.0, 99.0)","(-108.0, -211.0, 60.0)"
313,2023-03-31 10:45:04.862453,"(-95.0, 73.0, -180.0)","(-162.0, 236.0, -11.0)","(-96.0, 98.0, 130.0)","(-71.0, -169.0, 37.0)"
314,2023-03-31 10:45:04.862610,"(-182.0, 67.0, -152.0)","(-158.0, 264.0, 1.0)","(-47.0, 123.0, 127.0)","(-85.0, -233.0, 59.0)"
315,2023-03-31 10:45:04.878656,"(-140.0, 64.0, -187.0)","(-119.0, 222.0, -40.0)","(-38.0, 77.0, 145.0)","(-79.0, -217.0, 32.0)"
316,2023-03-31 10:45:04.894753,"(-135.0, 65.0, -162.0)","(-117.0, 232.0, 7.0)","(-65.0, 111.0, 129.0)","(-124.0, -181.0, 90.0)"
317,2023-03-31 10:45:04.910738,"(-171.0, 130.0, -227.0)","(-120.0, 244.0, 15.0)","(-77.0, 114.0, 95.0)","(-108.0, -212.0, 44.0)"
318,2023-03-31 10:45:04.926653,"(-119.0, 69.0, -193.0)","(-127.0, 217.0, -38.0)","(-104.0, 108.0, 88.0)","(-41.0, -197.0, 39.0)"
319,2023-03-31 10:45:04.955877,"(-145.0, 62.0, -193.0)","(-108.0, 243.0, -22.0)","(-41.0, 114.0, 122.0)","(-85.0, -198.0, 88.0)"
320,2023-03-31 10:45:04.972194,"(-136.0, 60.0, -186.0)","(-106.0, 200.0, -19.0)","(-80.0, 65.0, 132.0)","(-55.0, -224.0, 55.0)"
321,2023-03-31 10:45:04.984796,"(-152.0, 48.0, -199.0)","(-139.0, 259.0, -10.0)","(-56.0, 90.0, 73.0)","(-84.0, -181.0, 45.0)"
322,2023-03-31 10:45:05.001238,"(-168.0, 43.0, -155.0)","(-155.0, 249.0, 15.0)","(-63.0, 113.0, 94.0)","(-66.0, -189.0, 40.0)"
323,2023-03-31 10:45:05.017849,"(-121.0, 86.0, -172.0)","(-162.0, 217.0, 15.0)","(-83.0, 101.0, 81.0)","(-57.0, -148.0, 68.0)"
324,2023-03-31 10:45:05.034513,"(-131.0, 78.0, -166.0)","(-113.0, 222.0, -37.0)","(-76.0, 87.0, 123.0)","(-86.0, -233.0, 69.0)"
325,2023-03-31 10:45:05.047380,"(-158.0, 75.0, -192.0)","(-143.0, 228.0, 2.0)","(-85.0, 102.0, 121.0)","(-98.0, -207.0, 67.0)"
326,2023-03-31 10:45:05.059728,"(-185.0, 78.0, -168.0)","(-112.0, 197.0, 2.0)","(-37.0, 144.0, 107.0)","(-82.0, -205.0, 36.0)"
327,2023-03-31 10:45:05.072306,"(-143.0, 56.0, -164.0)","(-121.0, 245.0, -29.0)","(-61.0, 95.0, 124.0)","(-102.0, -169.0, 62.0)"
328,2023-03-31 10:45:05.084872,"(-137.0, 93.0, -202.0)","(-127.0, 246.0, 2.0)","(-64.0, 121.0, 130.0)","(-61.0, -196.0, 76.0)"
329,2023-03-31 10:45:05.111837,"(-146.0, 112.0, -164.0)","(-150.0, 255.0, -31.0)","(-74.0, 136.0, 107.0)","(-71.0, -155.0, 58.0)"
330,2023-03-31 10:45:05.126775,"(-149.0, 100.0, -173.0)","(-114.0, 223.0, -16.0)","(-48.0, 97.0, 129.0)","(-83.0, -203.0, 71.0)"
331,2023-03-31 10:45:05.141629,"(-134.0, 67.0, -194.0)","(-134.0, 206.0, -25.0)","(-57.0, 118.0, 118.0)","(-93.0, -173.0, 83.0)"
332,2023-03-31 10:45:05.156405,"(-114.0, 48.0, -184.0)","(-150.0, 204.0, -28.0)","(-61.0, 114.0, 88.0)","(-80.0, -184.0, 71.0)"
333,2023-03-31 10:45:05.172214,"(-124.0, 81.0, -188.0)","(-81.0, 197.0, -41.0)","(-72.0, 93.0, 112.0)","(-45.0, -163.0, 54.0)"
334,2023-03-31 10:45:05.188326,"(-134.0, 98.0, -158.0)","(-148.0, 221.0, -28.0)","(-38.0, 88.0, 95.0)","(-76.0, -162.0, 21.0)"
335,2023-03-31 10:45:05.204782,"(-135.0, 96.0, -193.0)","(-128.0, 226.0, -45.0)","(-9.0, 103.0, 111.0)","(-53.0, -191.0, 63.0)"
336,2023-03-31 10:45:05.221607,"(-120.0, 56.0, -159.0)","(-142.0, 220.0, -32.0)","(-87.0, 89.0, 128.0)","(-98.0, -172.0, 41.0)"
337,2023-03-31 10:45:05.238350,"(-131.0, 68.0, -159.0)","(-112.0, 207.0, 15.0)","(-53.0, 86.0, 133.0)","(-83.0, -169.0, 5.0)"
338,2023-03-31 10:45:05.254615,"(-155.0, 98.0, -186.0)","(-126.0, 273.0, -27.0)","(-71.0, 122.0, 114.0)","(-60.0, -180.0, 40.0)"
339,2023-03-31 10:45:05.267604,"(-163.0, 93.0, -187.0)","(-125.0, 259.0, -9.0)","(-31.0, 101.0, 92.0)","(-77.0, -158.0, 108.0)"
340,2023-03-31 10:45:05.280496,"(-144.0, 91.0, -207.0)","(-110.0, 230.0, -6.0)","(-14.0, 110.0, 112.0)","(-77.0, -182.0, 53.0)"
341,2023-03-31 10:45:05.293196,"(-184.0, 93.0, -223.0)","(-178.0, 230.0, -47.0)","(-94.0, 89.0, 157.0)","(-109.0, -205.0, 51.0)"
342,2023-03-31 10:45:05.318757,"(-148.0, 115.0, -182.0)","(-122.0, 248.0, 25.0)","(-72.0, 95.0, 98.0)","(-50.0, -212.0, 60.0)"
343,2023-03-31 10:45:05.333065,"(-103.0, 61.0, -180.0)","(-157.0, 237.0, -18.0)","(-72.0, 89.0, 112.0)","(-80.0, -182.0, 33.0)"
344,2023-03-31 10:45:05.348615,"(-132.0, 113.0, -176.0)","(-118.0, 199.0, -8.0)","(-83.0, 104.0, 130.0)","(-86.0, -180.0, 36.0)"
345,2023-03-31 10:45:05.364630,"(-158.0, 88.0, -207.0)","(-129.0, 212.0, -29.0)","(-62.0, 82.0, 110.0)","(-86.0, -175.0, 20.0)"
346,2023-03-31 10:45:05.381034,"(-130.0, 105.0, -187.0)","(-100.0, 230.0, 3.0)","(-65.0, 108.0, 129.0)","(-79.0, -180.0, 70.0)"
347,2023-03-31 10:45:05.397540,"(-109.0, 96.0, -133.0)","(-123.0, 242.0, 4.0)","(-77.0, 87.0, 122.0)","(-111.0, -199.0, 10.0)"
348,2023-03-31 10:45:05.413960,"(-96.0, 96.0, -189.0)","(-137.0, 232.0, 15.0)","(-33.0, 126.0, 118.0)","(-119.0, -212.0, 64.0)"
349,2023-03-31 10:45:05.430307,"(-140.0, 94.0, -190.0)","(-150.0, 234.0, -21.0)","(-35.0, 124.0, 84.0)","(-62.0, -175.0, 70.0)"
350,2023-03-31 10:45:05.446672,"(-123.0, 53.0, -172.0)","(-144.0, 238.0, -16.0)","(-21.0, 72.0, 125.0)","(-60.0, -170.0, 60.0)"
351,2023-03-31 10:45:05.463571,"(-153.0, 74.0, -180.0)","(-125.0, 244.0, -26.0)","(-70.0, 74.0, 137.0)","(-108.0, -201.0, -3.0)"
352,2023-03-31 10:45:05.476694,"(-177.0, 105.0, -190.0)","(-154.0, 181.0, -12.0)","(-32.0, 82.0, 115.0)","(-36.0, -201.0, 35.0)"
353,2023-03-31 10:45:05.492256,"(-150.0, 83.0, -143.0)","(-143.0, 256.0, -5.0)","(-5.0, 64.0, 104.0)","(-35.0, -131.0, 59.0)"
354,2023-03-31 10:45:05.508533,"(-139.0, 70.0, -216.0)","(-141.0, 222.0, -10.0)","(-77.0, 115.0, 120.0)","(-87.0, -184.0, 41.0)"
355,2023-03-31 10:45:05.524849,"(-119.0, 47.0, -203.0)","(-134.0, 181.0, 13.0)","(-7.0, 105.0, 120.0)","(-102.0, -193.0, 78.0)"
356,2023-03-31 10:45:05.544219,"(-161.0, 73.0, -189.0)","(-117.0, 238.0, -10.0)","(-122.0, 79.0, 139.0)","(-64.0, -172.0, 46.0)"
357,2023-03-31 10:45:05.556791,"(-110.0, 108.0, -200.0)","(-161.0, 227.0, 16.0)","(-20.0, 51.0, 137.0)","(-82.0, -185.0, 36.0)"
358,2023-03-31 10:45:05.569705,"(-170.0, 83.0, -189.0)","(-134.0, 233.0, -1.0)","(-47.0, 85.0, 110.0)","(-108.0, -157.0, 91.0)"
359,2023-03-31 10:45:05.586202,"(-137.0, 41.0, -180.0)","(-183.0, 215.0, -3.0)","(-90.0, 112.0, 109.0)","(-53.0, -143.0, 39.0)"
360,2023-03-31 10:45:05.602676,"(-150.0, 97.0, -172.0)","(-145.0, 207.0, 2.0)","(-70.0, 115.0, 82.0)","(-63.0, -171.0, 56.0)"
361,2023-03-31 10:45:05.619642,"(-123.0, 100.0, -161.0)","(-111.0, 198.0, -8.0)","(-104.0, 85.0, 109.0)","(-93.0, -169.0, 60.0)"
362,2023-03-31 10:45:05.636481,"(-137.0, 112.0, -172.0)","(-122.0, 268.0, -14.0)","(-46.0, 111.0, 132.0)","(-81.0, -179.0, 75.0)"
363,2023-03-31 10:45:05.653543,"(-164.0, 77.0, -168.0)","(-180.0, 226.0, 2.0)","(-77.0, 109.0, 120.0)","(-70.0, -176.0, 45.0)"
364,2023-03-31 10:45:05.670622,"(-120.0, 58.0, -200.0)","(-150.0, 207.0, -42.0)","(-43.0, 107.0, 123.0)","(-77.0, -165.0, 75.0)"
365,2023-03-31 10:45:05.687186,"(-122.0, 60.0, -162.0)","(-125.0, 241.0, 15.0)","(-74.0, 99.0, 88.0)","(-9.0, -165.0, 85.0)"
366,2023-03-31 10:45:05.703654,"(-116.0, 73.0, -174.0)","(-143.0, 244.0, -13.0)","(-88.0, 105.0, 110.0)","(-97.0, -166.0, 71.0)"
367,2023-03-31 10:45:05.703805,"(-137.0, 47.0, -201.0)","(-176.0, 223.0, -25.0)","(-69.0, 62.0, 119.0)","(-41.0, -189.0, 63.0)"
368,2023-03-31 10:45:05.720219,"(-149.0, 70.0, -167.0)","(-114.0, 245.0, 2.0)","(-52.0, 114.0, 156.0)","(-60.0, -165.0, 73.0)"
369,2023-03-31 10:45:05.736777,"(-167.0, 78.0, -170.0)","(-146.0, 238.0, -4.0)","(-58.0, 99.0, 144.0)","(-65.0, -204.0, 60.0)"
370,2023-03-31 10:45:05.753214,"(-147.0, 82.0, -163.0)","(-140.0, 233.0, 1.0)","(-47.0, 95.0, 119.0)","(-80.0, -233.0, 62.0)"
371,2023-03-31 10:45:05.769661,"(-150.0, 127.0, -161.0)","(-115.0, 233.0, 7.0)","(-39.0, 72.0, 114.0)","(-20.0, -185.0, 52.0)"
372,2023-03-31 10:45:05.786199,"(-148.0, 82.0, -177.0)","(-124.0, 240.0, -40.0)","(-42.0, 109.0, 107.0)","(-62.0, -205.0, 80.0)"
373,2023-03-31 10:45:05.802769,"(-161.0, 57.0, -168.0)","(-152.0, 274.0, -44.0)","(-57.0, 84.0, 80.0)","(-82.0, -207.0, 50.0)"
374,2023-03-31 10:45:05.819411,"(-138.0, 104.0, -174.0)","(-137.0, 231.0, -14.0)","(-74.0, 138.0, 156.0)","(-76.0, -187.0, 42.0)"
375,2023-03-31 10:45:05.836082,"(-147.0, 58.0, -186.0)","(-139.0, 238.0, -8.0)","(-78.0, 87.0, 139.0)","(-71.0, -206.0, 67.0)"
376,2023-03-31 10:45:05.852809,"(-135.0, 75.0, -176.0)","(-141.0, 219.0, 19.0)","(-35.0, 97.0, 114.0)","(-79.0, -174.0, 17.0)"
377,2023-03-31 10:45:05.869496,"(-173.0, 84.0, -160.0)","(-133.0, 251.0, -11.0)","(-73.0, 84.0, 79.0)","(-97.0, -191.0, 72.0)"
378,2023-03-31 10:45:05.887030,"(-118.0, 76.0, -165.0)","(-172.0, 251.0, -29.0)","(-13.0, 68.0, 126.0)","(-96.0, -174.0, 105.0)"
379,2023-03-31 10:45:05.902097,"(-162.0, 74.0, -187.0)","(-132.0, 190.0, 21.0)","(-68.0, 80.0, 79.0)","(-35.0, -174.0, 44.0)"
380,2023-03-31 10:45:05.914754,"(-153.0, 69.0, -162.0)","(-139.0, 211.0, -36.0)","(-84.0, 95.0, 150.0)","(-72.0, -192.0, 58.0)"
381,2023-03-31 10:45:05.927325,"(-130.0, 59.0, -157.0)","(-96.0, 229.0, -35.0)","(-44.0, 136.0, 117.0)","(-64.0, -234.0, 92.0)"
382,2023-03-31 10:45:05.952978,"(-166.0, 116.0, -174.0)","(-114.0, 271.0, -24.0)","(-69.0, 106.0, 108.0)","(-55.0, -204.0, 91.0)"
383,2023-03-31 10:45:05.965726,"(-135.0, 50.0, -177.0)","(-154.0, 218.0, 16.0)","(-32.0, 105.0, 66.0)","(-100.0, -198.0, 13.0)"
384,2023-03-31 10:45:05.978592,"(-139.0, 86.0, -227.0)","(-137.0, 208.0, -41.0)","(-88.0, 133.0, 125.0)","(-68.0, -153.0, 36.0)"
385,2023-03-31 10:45:05.991209,"(-139.0, 106.0, -181.0)","(-122.0, 216.0, -38.0)","(-85.0, 125.0, 120.0)","(-73.0, -230.0, 87.0)"
386,2023-03-31 10:45:06.016987,"(-147.0, 91.0, -168.0)","(-144.0, 218.0, -26.0)","(-81.0, 92.0, 119.0)","(-105.0, -179.0, 37.0)"
387,2023-03-31 10:45:06.029957,"(-165.0, 68.0, -189.0)","(-169.0, 210.0, -32.0)","(-49.0, 94.0, 101.0)","(-54.0, -184.0, 52.0)"
388,2023-03-31 10:45:06.042738,"(-147.0, 89.0, -163.0)","(-140.0, 244.0, -19.0)","(-65.0, 87.0, 96.0)","(-73.0, -212.0, 78.0)"
389,2023-03-31 10:45:06.055705,"(-154.0, 66.0, -190.0)","(-166.0, 151.0, -52.0)","(-39.0, 80.0, 118.0)","(-67.0, -149.0, 50.0)"
390,2023-03-31 10:45:06.068335,"(-167.0, 92.0, -196.0)","(-113.0, 257.0, -19.0)","(-37.0, 128.0, 87.0)","(-78.0, -141.0, 81.0)"
391,2023-03-31 10:45:06.093672,"(-137.0, 86.0, -139.0)","(-168.0, 218.0, -45.0)","(-55.0, 72.0, 146.0)","(-88.0, -168.0, 42.0)"
392,2023-03-31 10:45:06.106540,"(-130.0, 91.0, -155.0)","(-158.0, 161.0, -45.0)","(-100.0, 125.0, 108.0)","(-79.0, -190.0, 71.0)"
393,2023-03-31 10:45:06.119511,"(-130.0, 100.0, -167.0)","(-137.0, 209.0, 20.0)","(-48.0, 114.0, 115.0)","(-72.0, -158.0, 64.0)"
394,2023-03-31 10:45:06.132637,"(-145.0, 112.0, -204.0)","(-137.0, 214.0, -13.0)","(-90.0, 91.0, 154.0)","(-80.0, -202.0, 79.0)"
395,2023-03-31 10:45:06.158067,"(-91.0, 62.0, -160.0)","(-118.0, 188.0, -12.0)","(-93.0, 96.0, 127.0)","(-81.0, -206.0, 64.0)"
396,2023-03-31 10:45:06.171167,"(-132.0, 103.0, -183.0)","(-139.0, 253.0, -19.0)","(-60.0, 95.0, 115.0)","(-90.0, -170.0, 37.0)"
397,2023-03-31 10:45:06.184589,"(-156.0, 100.0, -192.0)","(-137.0, 234.0, -20.0)","(-64.0, 77.0, 120.0)","(-63.0, -204.0, 78.0)"
398,2023-03-31 10:45:06.197717,"(-173.0, 64.0, -170.0)","(-133.0, 210.0, -8.0)","(-65.0, 115.0, 132.0)","(-48.0, -178.0, 67.0)"
399,2023-03-31 10:45:06.210750,"(-198.0, 81.0, -201.0)","(-122.0, 237.0, -9.0)","(-72.0, 122.0, 144.0)","(-69.0, -187.0, 28.0)"
400,2023-03-31 10:45:06.236362,"(-132.0, 62.0, -196.0)","(-109.0, 231.0, -17.0)","(-56.0, 102.0, 119.0)","(-70.0, -176.0, 52.0)"
401,2023-03-31 10:45:06.249505,"(-130.0, 67.0, -187.0)","(-137.0, 255.0, 12.0)","(-70.0, 97.0, 124.0)","(-89.0, -183.0, 84.0)"
402,2023-03-31 10:45:06.262356,"(-131.0, 69.0, -171.0)","(-109.0, 199.0, -17.0)","(-30.0, 115.0, 127.0)","(-29.0, -196.0, 70.0)"
403,2023-03-31 10:45:06.276873,"(-169.0, 83.0, -195.0)","(-126.0, 252.0, 0.0)","(-53.0, 117.0, 89.0)","(-77.0, -205.0, 69.0)"
404,2023-03-31 10:45:06.290938,"(-146.0, 59.0, -187.0)","(-122.0, 218.0, -16.0)","(-80.0, 109.0, 133.0)","(-30.0, -157.0, 89.0)"
405,2023-03-31 10:45:06.318778,"(-120.0, 99.0, -174.0)","(-129.0, 234.0, -46.0)","(-34.0, 89.0, 116.0)","(-73.0, -192.0, 77.0)"
406,2023-03-31 10:45:06.332455,"(-178.0, 99.0, -166.0)","(-117.0, 189.0, -26.0)","(-41.0, 71.0, 137.0)","(-82.0, -150.0, 87.0)"
407,2023-03-31 10:45:06.345813,"(-162.0, 59.0, -195.0)","(-108.0, 240.0, -32.0)","(-38.0, 61.0, 108.0)","(-111.0, -187.0, 44.0)"
408,2023-03-31 10:45:06.359072,"(-148.0, 76.0, -190.0)","(-93.0, 252.0, -24.0)","(-70.0, 102.0, 138.0)","(-59.0, -151.0, 70.0)"
409,2023-03-31 10:45:06.371867,"(-132.0, 75.0, -177.0)","(-158.0, 232.0, -10.0)","(-81.0, 155.0, 134.0)","(-103.0, -231.0, 72.0)"
410,2023-03-31 10:45:06.397427,"(-101.0, 55.0, -211.0)","(-118.0, 206.0, 0.0)","(-38.0, 86.0, 160.0)","(-96.0, -146.0, 43.0)"
411,2023-03-31 10:45:06.410292,"(-142.0, 84.0, -189.0)","(-151.0, 195.0, 3.0)","(-58.0, 124.0, 130.0)","(-62.0, -164.0, 30.0)"
412,2023-03-31 10:45:06.422979,"(-158.0, 54.0, -191.0)","(-96.0, 224.0, 12.0)","(-104.0, 86.0, 114.0)","(-81.0, -173.0, 39.0)"
413,2023-03-31 10:45:06.436080,"(-142.0, 94.0, -191.0)","(-128.0, 223.0, -2.0)","(-63.0, 45.0, 120.0)","(-10.0, -175.0, 78.0)"
414,2023-03-31 10:45:06.448738,"(-149.0, 56.0, -137.0)","(-116.0, 212.0, -16.0)","(-69.0, 82.0, 81.0)","(-94.0, -210.0, 32.0)"
415,2023-03-31 10:45:06.477447,"(-136.0, 61.0, -189.0)","(-143.0, 211.0, -25.0)","(-43.0, 100.0, 111.0)","(-76.0, -189.0, 59.0)"
416,2023-03-31 10:45:06.494289,"(-150.0, 40.0, -187.0)","(-133.0, 173.0, -13.0)","(-28.0, 66.0, 140.0)","(-89.0, -218.0, 75.0)"
417,2023-03-31 10:45:06.511142,"(-142.0, 79.0, -206.0)","(-151.0, 224.0, 6.0)","(-1.0, 105.0, 120.0)","(-69.0, -162.0, 28.0)"
418,2023-03-31 10:45:06.528056,"(-138.0, 98.0, -182.0)","(-181.0, 219.0, -52.0)","(-65.0, 87.0, 106.0)","(-89.0, -211.0, 58.0)"
419,2023-03-31 10:45:06.528135,"(-173.0, 100.0, -171.0)","(-119.0, 201.0, 17.0)","(-54.0, 97.0, 152.0)","(-96.0, -197.0, 63.0)"
420,2023-03-31 10:45:06.553691,"(-151.0, 75.0, -162.0)","(-139.0, 237.0, -16.0)","(-91.0, 102.0, 135.0)","(-77.0, -152.0, 64.0)"
421,2023-03-31 10:45:06.566212,"(-168.0, 88.0, -162.0)","(-138.0, 273.0, -18.0)","(-66.0, 131.0, 86.0)","(-40.0, -207.0, 54.0)"
422,2023-03-31 10:45:06.583291,"(-150.0, 66.0, -203.0)","(-145.0, 248.0, -20.0)","(-58.0, 81.0, 134.0)","(-93.0, -191.0, 77.0)"
423,2023-03-31 10:45:06.600309,"(-137.0, 67.0, -179.0)","(-122.0, 246.0, -14.0)","(-83.0, 123.0, 83.0)","(-73.0, -191.0, 48.0)"
424,2023-03-31 10:45:06.617289,"(-161.0, 74.0, -167.0)","(-120.0, 229.0, 8.0)","(-81.0, 100.0, 135.0)","(-63.0, -157.0, 58.0)"
425,2023-03-31 10:45:06.634191,"(-121.0, 84.0, -199.0)","(-88.0, 244.0, 4.0)","(-63.0, 79.0, 127.0)","(-99.0, -216.0, 31.0)"
426,2023-03-31 10:45:06.651591,"(-147.0, 75.0, -185.0)","(-127.0, 222.0, -29.0)","(-60.0, 102.0, 141.0)","(-121.0, -161.0, 39.0)"
427,2023-03-31 10:45:06.669047,"(-125.0, 98.0, -151.0)","(-152.0, 231.0, -27.0)","(-74.0, 88.0, 125.0)","(-65.0, -165.0, 48.0)"
428,2023-03-31 10:45:06.686565,"(-168.0, 52.0, -180.0)","(-130.0, 249.0, -26.0)","(-68.0, 63.0, 104.0)","(-45.0, -179.0, 70.0)"
429,2023-03-31 10:45:06.686737,"(-141.0, 63.0, -191.0)","(-136.0, 245.0, 15.0)","(-65.0, 101.0, 112.0)","(-78.0, -200.0, 45.0)"
430,2023-03-31 10:45:06.704364,"(-165.0, 89.0, -187.0)","(-158.0, 230.0, -26.0)","(-64.0, 49.0, 159.0)","(-55.0, -180.0, 99.0)"
431,2023-03-31 10:45:06.730669,"(-172.0, 78.0, -197.0)","(-155.0, 227.0, -33.0)","(-118.0, 90.0, 154.0)","(-66.0, -215.0, 53.0)"
432,2023-03-31 10:45:06.743694,"(-142.0, 75.0, -182.0)","(-158.0, 244.0, 14.0)","(-50.0, 139.0, 136.0)","(-70.0, -152.0, 30.0)"
433,2023-03-31 10:45:06.760019,"(-153.0, 100.0, -179.0)","(-149.0, 201.0, 9.0)","(-48.0, 83.0, 101.0)","(-108.0, -185.0, 79.0)"
434,2023-03-31 10:45:06.776836,"(-141.0, 52.0, -179.0)","(-137.0, 207.0, 1.0)","(-41.0, 53.0, 75.0)","(-92.0, -206.0, 40.0)"
435,2023-03-31 10:45:06.793822,"(-155.0, 65.0, -135.0)","(-122.0, 225.0, -14.0)","(-73.0, 85.0, 115.0)","(-127.0, -193.0, 56.0)"
436,2023-03-31 10:45:06.810771,"(-109.0, 97.0, -174.0)","(-123.0, 226.0, -12.0)","(-62.0, 99.0, 132.0)","(-82.0, -223.0, 78.0)"
437,2023-03-31 10:45:06.828040,"(-136.0, 78.0, -160.0)","(-114.0, 203.0, 6.0)","(-70.0, 123.0, 94.0)","(-67.0, -192.0, 46.0)"
438,2023-03-31 10:45:06.842663,"(-112.0, 66.0, -159.0)","(-157.0, 220.0, -42.0)","(-55.0, 95.0, 131.0)","(-81.0, -232.0, 84.0)"
439,2023-03-31 10:45:06.855403,"(-156.0, 62.0, -191.0)","(-165.0, 228.0, -17.0)","(-97.0, 88.0, 130.0)","(-71.0, -200.0, 61.0)"
440,2023-03-31 10:45:06.868196,"(-164.0, 79.0, -157.0)","(-121.0, 241.0, -17.0)","(-37.0, 112.0, 113.0)","(-81.0, -180.0, 55.0)"
441,2023-03-31 10:45:06.881034,"(-154.0, 62.0, -204.0)","(-118.0, 190.0, 11.0)","(-68.0, 98.0, 113.0)","(-81.0, -229.0, 26.0)"
442,2023-03-31 10:45:06.894158,"(-146.0, 93.0, -204.0)","(-112.0, 226.0, -27.0)","(-54.0, 100.0, 111.0)","(-94.0, -166.0, 58.0)"
443,2023-03-31 10:45:06.921557,"(-123.0, 71.0, -160.0)","(-164.0, 197.0, 15.0)","(-33.0, 92.0, 105.0)","(-112.0, -198.0, 65.0)"
444,2023-03-31 10:45:06.938474,"(-153.0, 52.0, -217.0)","(-145.0, 221.0, -4.0)","(-30.0, 69.0, 126.0)","(-64.0, -194.0, 73.0)"
445,2023-03-31 10:45:06.955682,"(-109.0, 71.0, -162.0)","(-146.0, 204.0, -26.0)","(-64.0, 93.0, 109.0)","(-70.0, -203.0, 83.0)"
446,2023-03-31 10:45:06.973093,"(-152.0, 91.0, -200.0)","(-137.0, 242.0, 9.0)","(-41.0, 89.0, 101.0)","(-100.0, -142.0, 60.0)"
447,2023-03-31 10:45:06.973267,"(-148.0, 93.0, -178.0)","(-121.0, 205.0, -10.0)","(-49.0, 118.0, 106.0)","(-56.0, -187.0, 46.0)"
448,2023-03-31 10:45:06.990404,"(-142.0, 110.0, -193.0)","(-148.0, 234.0, -47.0)","(-38.0, 106.0, 155.0)","(-55.0, -180.0, 43.0)"
449,2023-03-31 10:45:07.007830,"(-158.0, 68.0, -177.0)","(-147.0, 249.0, 15.0)","(-25.0, 81.0, 139.0)","(-64.0, -174.0, 35.0)"
450,2023-03-31 10:45:07.025380,"(-117.0, 92.0, -168.0)","(-157.0, 220.0, -57.0)","(-50.0, 112.0, 87.0)","(-46.0, -181.0, 46.0)"
451,2023-03-31 10:45:07.042887,"(-179.0, 90.0, -168.0)","(-129.0, 203.0, -40.0)","(-52.0, 113.0, 128.0)","(-70.0, -204.0, 54.0)"
452,2023-03-31 10:45:07.055921,"(-152.0, 70.0, -169.0)","(-120.0, 213.0, -16.0)","(-60.0, 71.0, 107.0)","(-68.0, -188.0, 28.0)"
453,2023-03-31 10:45:07.073424,"(-139.0, 91.0, -180.0)","(-132.0, 235.0, -26.0)","(-56.0, 96.0, 83.0)","(-103.0, -215.0, 84.0)"
454,2023-03-31 10:45:07.091514,"(-138.0, 71.0, -205.0)","(-138.0, 234.0, 7.0)","(-56.0, 109.0, 143.0)","(-128.0, -226.0, 74.0)"
455,2023-03-31 10:45:07.107135,"(-159.0, 73.0, -161.0)","(-137.0, 248.0, -39.0)","(-51.0, 89.0, 119.0)","(-79.0, -228.0, 61.0)"
456,2023-03-31 10:45:07.120178,"(-125.0, 98.0, -199.0)","(-140.0, 257.0, -17.0)","(-31.0, 107.0, 76.0)","(-75.0, -217.0, 87.0)"
457,2023-03-31 10:45:07.132905,"(-125.0, 63.0, -156.0)","(-170.0, 215.0, -11.0)","(-75.0, 118.0, 88.0)","(-85.0, -191.0, 72.0)"
458,2023-03-31 10:45:07.158359,"(-149.0, 35.0, -156.0)","(-134.0, 226.0, 10.0)","(-82.0, 83.0, 109.0)","(-34.0, -194.0, 80.0)"
459,2023-03-31 10:45:07.171130,"(-104.0, 62.0, -166.0)","(-187.0, 196.0, -17.0)","(-51.0, 78.0, 105.0)","(-92.0, -180.0, 52.0)"
460,2023-03-31 10:45:07.185810,"(-133.0, 86.0, -119.0)","(-139.0, 260.0, 0.0)","(-27.0, 86.0, 125.0)","(-72.0, -211.0, 67.0)"
461,2023-03-31 10:45:07.200393,"(-161.0, 82.0, -183.0)","(-139.0, 237.0, -39.0)","(-68.0, 59.0, 150.0)","(-98.0, -194.0, 55.0)"
462,2023-03-31 10:45:07.213434,"(-118.0, 78.0, -189.0)","(-145.0, 273.0, -44.0)","(-93.0, 121.0, 152.0)","(-73.0, -178.0, 46.0)"
463,2023-03-31 10:45:07.226328,"(-158.0, 96.0, -224.0)","(-126.0, 241.0, 7.0)","(-59.0, 118.0, 149.0)","(-16.0, -182.0, 83.0)"
464,2023-03-31 10:45:07.255438,"(-173.0, 84.0, -143.0)","(-143.0, 247.0, -11.0)","(-53.0, 86.0, 128.0)","(-53.0, -219.0, 47.0)"
465,2023-03-31 10:45:07.272172,"(-138.0, 115.0, -169.0)","(-100.0, 232.0, -8.0)","(-37.0, 104.0, 131.0)","(-79.0, -200.0, 73.0)"
466,2023-03-31 10:45:07.289507,"(-139.0, 70.0, -165.0)","(-107.0, 232.0, -24.0)","(-53.0, 110.0, 107.0)","(-75.0, -178.0, 69.0)"
467,2023-03-31 10:45:07.289676,"(-161.0, 64.0, -182.0)","(-134.0, 240.0, -42.0)","(-54.0, 116.0, 105.0)","(-61.0, -208.0, 34.0)"
468,2023-03-31 10:45:07.306959,"(-151.0, 92.0, -183.0)","(-151.0, 250.0, -25.0)","(-38.0, 112.0, 114.0)","(-58.0, -219.0, 59.0)"
469,2023-03-31 10:45:07.325107,"(-140.0, 55.0, -215.0)","(-151.0, 255.0, 6.0)","(-30.0, 93.0, 103.0)","(-44.0, -197.0, 80.0)"
470,2023-03-31 10:45:07.342468,"(-132.0, 116.0, -220.0)","(-143.0, 224.0, -8.0)","(-51.0, 102.0, 127.0)","(-79.0, -198.0, 17.0)"
471,2023-03-31 10:45:07.359844,"(-115.0, 96.0, -183.0)","(-178.0, 215.0, -2.0)","(-67.0, 116.0, 104.0)","(-65.0, -176.0, 72.0)"
472,2023-03-31 10:45:07.377285,"(-172.0, 95.0, -164.0)","(-120.0, 180.0, 5.0)","(-58.0, 86.0, 98.0)","(-100.0, -203.0, 77.0)"
473,2023-03-31 10:45:07.394581,"(-139.0, 69.0, -184.0)","(-110.0, 206.0, 9.0)","(-72.0, 87.0, 114.0)","(-61.0, -201.0, 58.0)"
474,2023-03-31 10:45:07.411817,"(-141.0, 79.0, -181.0)","(-129.0, 246.0, -1.0)","(-54.0, 62.0, 137.0)","(-71.0, -200.0, 96.0)"
475,2023-03-31 10:45:07.429147,"(-128.0, 85.0, -156.0)","(-156.0, 251.0, -14.0)","(-79.0, 120.0, 136.0)","(-58.0, -180.0, 39.0)"
476,2023-03-31 10:45:07.446996,"(-128.0, 51.0, -158.0)","(-139.0, 214.0, -6.0)","(-41.0, 113.0, 88.0)","(-57.0, -196.0, 81.0)"
477,2023-03-31 10:45:07.464801,"(-151.0, 96.0, -158.0)","(-100.0, 229.0, -9.0)","(-72.0, 111.0, 76.0)","(-69.0, -180.0, 69.0)"
478,2023-03-31 10:45:07.464964,"(-133.0, 76.0, -204.0)","(-139.0, 216.0, -34.0)","(-68.0, 98.0, 126.0)","(-51.0, -196.0, 49.0)"
479,2023-03-31 10:45:07.482596,"(-152.0, 85.0, -184.0)","(-114.0, 253.0, -30.0)","(-60.0, 121.0, 120.0)","(-105.0, -195.0, 46.0)"
480,2023-03-31 10:45:07.500618,"(-162.0, 57.0, -190.0)","(-142.0, 229.0, -21.0)","(-31.0, 99.0, 86.0)","(-43.0, -200.0, 88.0)"
481,2023-03-31 10:45:07.515383,"(-145.0, 96.0, -181.0)","(-138.0, 223.0, -20.0)","(-71.0, 92.0, 113.0)","(-57.0, -186.0, 58.0)"
482,2023-03-31 10:45:07.533225,"(-115.0, 137.0, -186.0)","(-136.0, 235.0, -19.0)","(-86.0, 84.0, 168.0)","(-103.0, -186.0, 71.0)"
483,2023-03-31 10:45:07.546223,"(-137.0, 67.0, -168.0)","(-156.0, 189.0, -26.0)","(-30.0, 69.0, 117.0)","(-66.0, -190.0, 87.0)"
484,2023-03-31 10:45:07.559071,"(-158.0, 58.0, -176.0)","(-130.0, 210.0, -25.0)","(-52.0, 106.0, 119.0)","(-81.0, -168.0, 93.0)"
485,2023-03-31 10:45:07.585095,"(-170.0, 59.0, -207.0)","(-86.0, 217.0, -1.0)","(-42.0, 104.0, 133.0)","(-85.0, -156.0, 30.0)"
486,2023-03-31 10:45:07.598064,"(-150.0, 31.0, -199.0)","(-168.0, 250.0, -17.0)","(-49.0, 68.0, 151.0)","(-56.0, -245.0, 63.0)"
487,2023-03-31 10:45:07.610997,"(-151.0, 113.0, -187.0)","(-175.0, 211.0, -25.0)","(-35.0, 77.0, 99.0)","(-55.0, -190.0, 50.0)"
488,2023-03-31 10:45:07.623898,"(-171.0, 59.0, -160.0)","(-106.0, 247.0, -19.0)","(-50.0, 100.0, 129.0)","(-76.0, -141.0, 50.0)"
489,2023-03-31 10:45:07.640067,"(-156.0, 54.0, -216.0)","(-120.0, 258.0, -22.0)","(-32.0, 95.0, 119.0)","(-61.0, -194.0, 60.0)"
490,2023-03-31 10:45:07.657218,"(-131.0, 103.0, -163.0)","(-95.0, 262.0, -32.0)","(-65.0, 117.0, 106.0)","(-100.0, -235.0, 79.0)"
491,2023-03-31 10:45:07.674631,"(-165.0, 71.0, -178.0)","(-121.0, 201.0, -8.0)","(-18.0, 88.0, 137.0)","(-134.0, -223.0, 67.0)"
492,2023-03-31 10:45:07.692146,"(-167.0, 82.0, -191.0)","(-143.0, 213.0, -9.0)","(-82.0, 68.0, 144.0)","(-85.0, -223.0, 85.0)"
493,2023-03-31 10:45:07.708774,"(-142.0, 75.0, -171.0)","(-113.0, 252.0, -28.0)","(-53.0, 102.0, 126.0)","(-55.0, -219.0, 53.0)"
494,2023-03-31 10:45:07.724402,"(-183.0, 113.0, -181.0)","(-136.0, 267.0, -28.0)","(-46.0, 76.0, 124.0)","(-67.0, -139.0, 46.0)"
495,2023-03-31 10:45:07.740086,"(-109.0, 90.0, -183.0)","(-166.0, 240.0, -46.0)","(-67.0, 68.0, 119.0)","(-62.0, -198.0, 115.0)"
496,2023-03-31 10:45:07.753138,"(-149.0, 75.0, -188.0)","(-131.0, 231.0, 0.0)","(-54.0, 138.0, 137.0)","(-56.0, -184.0, 41.0)"
497,2023-03-31 10:45:07.765924,"(-160.0, 67.0, -196.0)","(-126.0, 205.0, 26.0)","(-51.0, 104.0, 134.0)","(-35.0, -199.0, 72.0)"
498,2023-03-31 10:45:07.791954,"(-139.0, 88.0, -186.0)","(-130.0, 213.0, -7.0)","(-12.0, 84.0, 160.0)","(-61.0, -236.0, 75.0)"
499,2023-03-31 10:45:07.805231,"(-130.0, 107.0, -151.0)","(-136.0, 250.0, -56.0)","(-71.0, 133.0, 115.0)","(-70.0, -226.0, 82.0)"
500,2023-03-31 10:45:07.822054,"(-136.0, 90.0, -184.0)","(-147.0, 258.0, -11.0)","(-44.0, 113.0, 123.0)","(-87.0, -215.0, 67.0)"
501,2023-03-31 10:45:07.839119,"(-133.0, 138.0, -188.0)","(-124.0, 210.0, -18.0)","(-25.0, 101.0, 128.0)","(-88.0, -160.0, 89.0)"
502,2023-03-31 10:45:07.856581,"(-152.0, 46.0, -168.0)","(-175.0, 240.0, -7.0)","(-56.0, 92.0, 88.0)","(-2.0, -168.0, 40.0)"
503,2023-03-31 10:45:07.873865,"(-165.0, 42.0, -181.0)","(-137.0, 225.0, -19.0)","(-21.0, 108.0, 125.0)","(-62.0, -212.0, 74.0)"
504,2023-03-31 10:45:07.891462,"(-126.0, 84.0, -150.0)","(-127.0, 212.0, 17.0)","(-44.0, 61.0, 118.0)","(-50.0, -179.0, 42.0)"
505,2023-03-31 10:45:07.909485,"(-169.0, 71.0, -194.0)","(-112.0, 228.0, 0.0)","(-48.0, 76.0, 99.0)","(-33.0, -170.0, 81.0)"
506,2023-03-31 10:45:07.909667,"(-134.0, 49.0, -176.0)","(-155.0, 192.0, 10.0)","(-56.0, 89.0, 129.0)","(-55.0, -247.0, 34.0)"
507,2023-03-31 10:45:07.926798,"(-143.0, 74.0, -160.0)","(-149.0, 243.0, -19.0)","(-43.0, 102.0, 114.0)","(-124.0, -163.0, 39.0)"
508,2023-03-31 10:45:07.939755,"(-129.0, 90.0, -178.0)","(-108.0, 217.0, -6.0)","(-63.0, 103.0, 108.0)","(-107.0, -175.0, 69.0)"
509,2023-03-31 10:45:07.966230,"(-126.0, 92.0, -191.0)","(-102.0, 252.0, -14.0)","(-25.0, 93.0, 148.0)","(-107.0, -148.0, 67.0)"
510,2023-03-31 10:45:07.979740,"(-169.0, 99.0, -215.0)","(-126.0, 241.0, 5.0)","(-60.0, 113.0, 130.0)","(-84.0, -219.0, 91.0)"
511,2023-03-31 10:45:07.992898,"(-132.0, 74.0, -211.0)","(-114.0, 204.0, -8.0)","(-25.0, 42.0, 132.0)","(-71.0, -156.0, 61.0)"
512,2023-03-31 10:45:08.006099,"(-157.0, 71.0, -145.0)","(-117.0, 204.0, -8.0)","(-76.0, 82.0, 105.0)","(-85.0, -177.0, 64.0)"
513,2023-03-31 10:45:08.019444,"(-132.0, 68.0, -230.0)","(-127.0, 229.0, 17.0)","(-55.0, 81.0, 128.0)","(-122.0, -168.0, 82.0)"
514,2023-03-31 10:45:08.045556,"(-129.0, 114.0, -151.0)","(-162.0, 225.0, -24.0)","(-47.0, 67.0, 139.0)","(-90.0, -236.0, 56.0)"
515,2023-03-31 10:45:08.058601,"(-155.0, 97.0, -172.0)","(-98.0, 201.0, 12.0)","(-74.0, 111.0, 150.0)","(-43.0, -203.0, 70.0)"
516,2023-03-31 10:45:08.071637,"(-153.0, 72.0, -192.0)","(-139.0, 221.0, -3.0)","(-65.0, 88.0, 166.0)","(-34.0, -245.0, 50.0)"
517,2023-03-31 10:45:08.084743,"(-144.0, 87.0, -180.0)","(-121.0, 237.0, -5.0)","(-66.0, 131.0, 79.0)","(-75.0, -190.0, 50.0)"
518,2023-03-31 10:45:08.103263,"(-141.0, 63.0, -174.0)","(-153.0, 213.0, 16.0)","(-77.0, 76.0, 90.0)","(-60.0, -171.0, 27.0)"
519,2023-03-31 10:45:08.121747,"(-123.0, 67.0, -214.0)","(-132.0, 219.0, 12.0)","(-108.0, 116.0, 124.0)","(-58.0, -192.0, 72.0)"
520,2023-03-31 10:45:08.139827,"(-107.0, 88.0, -172.0)","(-131.0, 237.0, -17.0)","(-61.0, 96.0, 104.0)","(-69.0, -199.0, 70.0)"
521,2023-03-31 10:45:08.156792,"(-92.0, 54.0, -150.0)","(-160.0, 291.0, 1.0)","(-60.0, 91.0, 131.0)","(-51.0, -187.0, 63.0)"
522,2023-03-31 10:45:08.174138,"(-142.0, 80.0, -188.0)","(-165.0, 238.0, -16.0)","(-40.0, 122.0, 155.0)","(-35.0, -217.0, 72.0)"
523,2023-03-31 10:45:08.191005,"(-147.0, 107.0, -169.0)","(-101.0, 231.0, 1.0)","(-62.0, 73.0, 139.0)","(-61.0, -182.0, 68.0)"
524,2023-03-31 10:45:08.204059,"(-175.0, 46.0, -165.0)","(-158.0, 212.0, -3.0)","(-67.0, 119.0, 158.0)","(-90.0, -220.0, 46.0)"
525,2023-03-31 10:45:08.221084,"(-123.0, 91.0, -173.0)","(-147.0, 201.0, -19.0)","(-76.0, 75.0, 109.0)","(-28.0, -176.0, 38.0)"
526,2023-03-31 10:45:08.238394,"(-167.0, 76.0, -165.0)","(-158.0, 221.0, -2.0)","(-93.0, 114.0, 122.0)","(-99.0, -205.0, 53.0)"
527,2023-03-31 10:45:08.256058,"(-151.0, 106.0, -177.0)","(-128.0, 161.0, -16.0)","(-61.0, 99.0, 129.0)","(-94.0, -181.0, 65.0)"
528,2023-03-31 10:45:08.273800,"(-147.0, 65.0, -158.0)","(-133.0, 213.0, -10.0)","(-46.0, 111.0, 109.0)","(-89.0, -233.0, 34.0)"
529,2023-03-31 10:45:08.273962,"(-115.0, 104.0, -189.0)","(-134.0, 205.0, 10.0)","(-28.0, 130.0, 142.0)","(-25.0, -226.0, 24.0)"
530,2023-03-31 10:45:08.291647,"(-170.0, 92.0, -171.0)","(-116.0, 222.0, -10.0)","(-50.0, 83.0, 105.0)","(-79.0, -203.0, 117.0)"
531,2023-03-31 10:45:08.309394,"(-119.0, 49.0, -214.0)","(-164.0, 243.0, -14.0)","(-52.0, 125.0, 109.0)","(-116.0, -186.0, 66.0)"
532,2023-03-31 10:45:08.328021,"(-132.0, 87.0, -207.0)","(-122.0, 222.0, -28.0)","(-49.0, 109.0, 115.0)","(-70.0, -215.0, 36.0)"
533,2023-03-31 10:45:08.341701,"(-160.0, 77.0, -197.0)","(-152.0, 224.0, -18.0)","(-49.0, 89.0, 112.0)","(-91.0, -181.0, 49.0)"
534,2023-03-31 10:45:08.354859,"(-104.0, 53.0, -190.0)","(-143.0, 243.0, -64.0)","(-25.0, 87.0, 97.0)","(-102.0, -170.0, 31.0)"
535,2023-03-31 10:45:08.368080,"(-154.0, 88.0, -182.0)","(-142.0, 249.0, 14.0)","(-57.0, 111.0, 80.0)","(-105.0, -203.0, 81.0)"
536,2023-03-31 10:45:08.393904,"(-119.0, 112.0, -197.0)","(-112.0, 228.0, -29.0)","(-62.0, 107.0, 120.0)","(-30.0, -195.0, 76.0)"
537,2023-03-31 10:45:08.406647,"(-127.0, 37.0, -182.0)","(-154.0, 196.0, 2.0)","(-36.0, 66.0, 114.0)","(-83.0, -209.0, 87.0)"
538,2023-03-31 10:45:08.419515,"(-114.0, 86.0, -187.0)","(-161.0, 212.0, -12.0)","(-37.0, 100.0, 117.0)","(-93.0, -202.0, 64.0)"
539,2023-03-31 10:45:08.432911,"(-158.0, 88.0, -175.0)","(-96.0, 228.0, -2.0)","(-46.0, 109.0, 109.0)","(-74.0, -220.0, 62.0)"
540,2023-03-31 10:45:08.450405,"(-137.0, 111.0, -165.0)","(-129.0, 241.0, -25.0)","(-38.0, 75.0, 134.0)","(-89.0, -184.0, 57.0)"
541,2023-03-31 10:45:08.468571,"(-121.0, 107.0, -201.0)","(-151.0, 251.0, -52.0)","(-49.0, 9.0, 124.0)","(-85.0, -211.0, 68.0)"
542,2023-03-31 10:45:08.486363,"(-169.0, 113.0, -184.0)","(-120.0, 225.0, -38.0)","(-61.0, 125.0, 85.0)","(-88.0, -144.0, 76.0)"
543,2023-03-31 10:45:08.504482,"(-137.0, 66.0, -173.0)","(-110.0, 225.0, -31.0)","(-60.0, 75.0, 126.0)","(-101.0, -203.0, 55.0)"
544,2023-03-31 10:45:08.522590,"(-130.0, 78.0, -181.0)","(-126.0, 213.0, -13.0)","(-35.0, 82.0, 125.0)","(-60.0, -193.0, 87.0)"
545,2023-03-31 10:45:08.536027,"(-129.0, 43.0, -183.0)","(-146.0, 237.0, -34.0)","(-47.0, 74.0, 145.0)","(-105.0, -160.0, 65.0)"
546,2023-03-31 10:45:08.549390,"(-127.0, 109.0, -155.0)","(-150.0, 231.0, -3.0)","(-69.0, 120.0, 149.0)","(-78.0, -212.0, 31.0)"
547,2023-03-31 10:45:08.562540,"(-123.0, 65.0, -159.0)","(-200.0, 209.0, -48.0)","(-46.0, 71.0, 113.0)","(-108.0, -173.0, 75.0)"
548,2023-03-31 10:45:08.575438,"(-150.0, 87.0, -161.0)","(-121.0, 202.0, -3.0)","(-54.0, 94.0, 93.0)","(-75.0, -181.0, 91.0)"
549,2023-03-31 10:45:08.601788,"(-148.0, 80.0, -211.0)","(-120.0, 197.0, -29.0)","(-37.0, 103.0, 101.0)","(-60.0, -206.0, 85.0)"
550,2023-03-31 10:45:08.614891,"(-177.0, 74.0, -169.0)","(-109.0, 215.0, -20.0)","(-87.0, 91.0, 124.0)","(-91.0, -174.0, 57.0)"
551,2023-03-31 10:45:08.632106,"(-160.0, 79.0, -187.0)","(-126.0, 220.0, -2.0)","(-61.0, 81.0, 117.0)","(-55.0, -183.0, 69.0)"
552,2023-03-31 10:45:08.649680,"(-130.0, 90.0, -229.0)","(-139.0, 204.0, -14.0)","(-89.0, 95.0, 114.0)","(-91.0, -209.0, 64.0)"
553,2023-03-31 10:45:08.667296,"(-120.0, 102.0, -209.0)","(-175.0, 215.0, -50.0)","(-80.0, 55.0, 112.0)","(-78.0, -150.0, 52.0)"
554,2023-03-31 10:45:08.685150,"(-123.0, 135.0, -201.0)","(-118.0, 212.0, -41.0)","(-16.0, 93.0, 90.0)","(-44.0, -144.0, 41.0)"
555,2023-03-31 10:45:08.685311,"(-147.0, 56.0, -171.0)","(-151.0, 216.0, 9.0)","(-22.0, 102.0, 113.0)","(-68.0, -218.0, 67.0)"
556,2023-03-31 10:45:08.702893,"(-135.0, 102.0, -146.0)","(-123.0, 189.0, -16.0)","(-74.0, 79.0, 129.0)","(-82.0, -178.0, 65.0)"
557,2023-03-31 10:45:08.720734,"(-156.0, 76.0, -173.0)","(-168.0, 215.0, -27.0)","(-46.0, 122.0, 139.0)","(-59.0, -188.0, 36.0)"
558,2023-03-31 10:45:08.738626,"(-121.0, 89.0, -184.0)","(-176.0, 249.0, -2.0)","(-36.0, 101.0, 107.0)","(-56.0, -203.0, 63.0)"
559,2023-03-31 10:45:08.755213,"(-168.0, 94.0, -182.0)","(-103.0, 237.0, -18.0)","(-84.0, 132.0, 99.0)","(-31.0, -175.0, 73.0)"
560,2023-03-31 10:45:08.769050,"(-137.0, 83.0, -192.0)","(-148.0, 238.0, -18.0)","(-47.0, 104.0, 108.0)","(-34.0, -151.0, 40.0)"
561,2023-03-31 10:45:08.782414,"(-130.0, 79.0, -162.0)","(-121.0, 250.0, -19.0)","(5.0, 123.0, 122.0)","(-29.0, -175.0, 53.0)"
562,2023-03-31 10:45:08.808790,"(-137.0, 83.0, -136.0)","(-125.0, 271.0, -37.0)","(-39.0, 87.0, 129.0)","(-54.0, -228.0, 62.0)"
563,2023-03-31 10:45:08.822032,"(-121.0, 45.0, -193.0)","(-107.0, 246.0, -4.0)","(-96.0, 130.0, 150.0)","(-65.0, -168.0, 32.0)"
564,2023-03-31 10:45:08.835391,"(-151.0, 102.0, -165.0)","(-181.0, 250.0, -8.0)","(-61.0, 108.0, 123.0)","(-51.0, -210.0, 48.0)"
565,2023-03-31 10:45:08.848571,"(-118.0, 67.0, -174.0)","(-174.0, 201.0, -11.0)","(-100.0, 88.0, 142.0)","(-107.0, -162.0, 100.0)"
566,2023-03-31 10:45:08.861659,"(-93.0, 69.0, -170.0)","(-128.0, 225.0, 9.0)","(-75.0, 106.0, 93.0)","(-83.0, -224.0, 66.0)"
567,2023-03-31 10:45:08.889623,"(-153.0, 71.0, -171.0)","(-132.0, 241.0, 8.0)","(-85.0, 87.0, 112.0)","(-69.0, -196.0, 77.0)"
568,2023-03-31 10:45:08.907480,"(-144.0, 71.0, -202.0)","(-153.0, 231.0, 13.0)","(-56.0, 110.0, 133.0)","(-100.0, -209.0, 51.0)"
569,2023-03-31 10:45:08.907642,"(-148.0, 73.0, -193.0)","(-148.0, 238.0, -18.0)","(-47.0, 102.0, 111.0)","(-57.0, -169.0, 40.0)"
570,2023-03-31 10:45:08.925676,"(-143.0, 56.0, -167.0)","(-149.0, 222.0, 0.0)","(-52.0, 109.0, 116.0)","(-77.0, -176.0, 69.0)"
571,2023-03-31 10:45:08.944030,"(-136.0, 97.0, -144.0)","(-120.0, 266.0, -30.0)","(-63.0, 102.0, 135.0)","(-108.0, -233.0, 80.0)"
572,2023-03-31 10:45:08.961760,"(-148.0, 77.0, -203.0)","(-150.0, 251.0, -21.0)","(-34.0, 87.0, 152.0)","(-61.0, -184.0, 64.0)"
573,2023-03-31 10:45:08.974815,"(-161.0, 102.0, -208.0)","(-125.0, 246.0, -14.0)","(-45.0, 97.0, 107.0)","(-63.0, -191.0, 41.0)"
574,2023-03-31 10:45:08.988041,"(-147.0, 74.0, -175.0)","(-131.0, 212.0, -1.0)","(-59.0, 117.0, 144.0)","(-101.0, -187.0, 62.0)"
575,2023-03-31 10:45:09.005651,"(-123.0, 115.0, -200.0)","(-145.0, 230.0, -17.0)","(-54.0, 47.0, 78.0)","(-34.0, -217.0, 68.0)"
576,2023-03-31 10:45:09.023991,"(-135.0, 76.0, -166.0)","(-91.0, 223.0, 21.0)","(-49.0, 103.0, 117.0)","(-108.0, -192.0, 58.0)"
577,2023-03-31 10:45:09.041090,"(-166.0, 49.0, -191.0)","(-122.0, 235.0, -19.0)","(-90.0, 83.0, 95.0)","(-62.0, -170.0, 48.0)"
578,2023-03-31 10:45:09.054346,"(-146.0, 134.0, -163.0)","(-158.0, 205.0, 8.0)","(-79.0, 85.0, 90.0)","(-41.0, -214.0, 49.0)"
579,2023-03-31 10:45:09.071549,"(-176.0, 78.0, -184.0)","(-104.0, 223.0, 8.0)","(-35.0, 93.0, 107.0)","(-84.0, -200.0, 32.0)"
580,2023-03-31 10:45:09.089630,"(-182.0, 85.0, -188.0)","(-135.0, 258.0, -28.0)","(-55.0, 108.0, 129.0)","(-87.0, -217.0, 82.0)"
